titulo,autores,generos,serie,sinopsis,url_libro,categoria_origen,fecha_extraccion,url_portada
Batallón disciplinario,Karl von Vereiter,Aventuras; Bélico; Novela,,"De todas las unidades especiales que la Wehrmacht poseyó en el transcurso de la Segunda Guerra Mundial, ninguna fue tan tremendamente inhumana como los llamados batallones disciplinarios. Si pensamos que el Ejército alemán era, sin duda, la fuerza más rígida del mundo y que la disciplina era en él como el aire que respiraban sus soldados… ¿Cuál podía ser la exacta significación de esta rigidez en el seno de los batallones disciplinarios? Increíble, pero cierto y auténtico. Todos los datos de esta obra tremenda han sido sacados de los archivos de una de esas unidades especiales, a lo que ha venido a agregarse la suma de datos obtenidos, después de la guerra, en las conversaciones sostenidas con los escasos supervivientes de aquella salvaje unidad. Para el Mando germano, el castigo para un soldado debía alcanzar límites desconocidos en otros países. Por eso se dio libertad absoluta a los jefes de los Strafbatallionen que, generalmente, eran hombres poco corrientes, primitivos, sin conciencia, y a veces sádicos que no merecían vestir el uniforme.",https://ww3.lectulandia.com/book/batallon-disciplinario/,belico,2026-09-01,https://assets.lectulandia.com/b/ab/Karl%20von%20Vereiter/Batallon%20disciplinario%20(10)/small.jpg
Bombardero,Len Deighton,Bélico; Intriga; Novela,,"En una calurosa noche de junio de 1943, una fuerza de 700 bombarderos de la RAF se prepara para realizar su bombardeo húmero cuarenta y seis. El jefe de la operación es Sam Lambert. Entretanto, en un punto de Holanda, el piloto de la Luftwaffe Victor von Lowenherz está escandalizado por los excesos del régimen al que sirve En Altgarten, August Bach, comandante en jefe de la estación de radar, descubre demasiado tarde que está enamorado. Estos tres personajes, que no se conocen entre sí, quedan ligados por una cadena de grotescas ironías.",https://ww3.lectulandia.com/book/bombardero/,belico,2026-09-01,https://assets.lectulandia.com/b/ab/Len%20Deighton/Bombardero%20(15)/small.jpg
Las quimeras negras,Jean Lartéguy,Bélico; Novela,,"En medio de un África presa de todos los delirios, tres hombres: el cónsul Fonts, el coronel la Roncière y el ex legionario Kreis fraguan la más grande impostura de la historia: hacen creer al mundo que Katanga existe. Tienen a las Naciones Unidas sobre ascuas, cuando su secretario general, Hammarskjöld, muere en dramáticas circunstancias. Ni el heroísmo de Fonts ni la inteligencia de la Roncière, ni la firmeza y la conciencia de soldado profesional de Kreis logran imponerse a las «quimeras negras». El frágil decorado de la secesión katangueña se desmoronara inexorablemente tanto sobre los blancos como sobre los negros. Es un relato denso y violento, donde la garra de Lartéguy nos interna en el fascinante mundo del Continente Negro.",https://ww3.lectulandia.com/book/las-quimeras-negras/,belico,2026-09-01,https://assets.lectulandia.com/b/ab/Jean%20Larteguy/Las%20quimeras%20negras%20(9)/small.jpg
Tierra de asilo,Jean Lartéguy,Bélico; Novela,,"Sauveterre es un rincón de la Francia olvidada, cerril, en el que el autor sitúa la acción de su novela. En cierta manera, encarna allí los distintos caracteres de la futura Europa unida: alemanes protestantes, católicos franceses, emigrados políticos españoles... Como elemento de fondo, una meseta calcárea, vientos ásperos, nieve, rebaños de borregos, y una vieja granja semiderruida muestra de las luchas entre «maquisards» y alemanes. Un hombre y una mujer, maduros, vuelven el rostro hacia el pasado, tratando de reencontrar las huellas de su paso en la tierra del «Causse», y este simple gesto, este deseo nostálgico revive toda una época de la Historia de Francia, desde la última guerra hasta De Gaulle, en una inútil búsqueda del tiempo perdido.",https://ww3.lectulandia.com/book/tierra-de-asilo/,belico,2026-09-01,https://assets.lectulandia.com/b/ab/Jean%20Larteguy/Tierra%20de%20asilo%20(7)/small.jpg
Colina 112,Adrian Goldsworthy,Bélico; Histórico; Novela,,"Se avecina el día D. Sin embargo, para tres jóvenes del Gales del Sur, la guerra apenas ha comenzado. James, que en el colegio era el capitán de críquet, ahora está al mando de una tropa de tanques Sherman. Mark, con tan solo diecinueve años, debe liderar un pelotón de infantería de batalla. Y Bill, muchacho un tanto solitario, va a tener que sobrevivir como soldado raso en el corazón de la batalla. Son todavía casi unos niños, pero eso, en la guerra no importa. Están a punto de participar en uno de los episodios más sangrientos y brutales de toda la campaña de Normandía; en realidad, de toda la guerra: la batalla por la colina 112. Y es que ese día, el 6 de junio de 1944, el designio de la Segunda Guerra Mundial, y con ella el curso de la historia moderna, cambia para siempre. De momento, ellos aún no lo saben…, pero quienes sobrevivan a la matanza nunca volverán a ser los mismos.",https://ww3.lectulandia.com/book/colina-112/,belico,2026-09-01,https://assets.lectulandia.com/b/ab/Adrian%20Goldsworthy/Colina%20112%20(14)/small.jpg
Qué quedará de nosotros,Eduardo Sacheri,Bélico; Drama; Novela,Guerra de las Malvinas,"En abril de 1982, ante la recuperación de las Malvinas por parte de las Fuerzas Armadas argentinas, tres soldados reservistas de la clase 1962 son reincorporados a filas y enviados a las islas. Llenos de expectativa, de curiosidad, de sed de aventura, Carlitos, Antonio y el Conejo se internan en ese territorio desconocido que se irá tornando cada vez más inhóspito a medida que las lejanas negociaciones diplomáticas fracasen y se desencadene la guerra con los británicos. Se enfrentarán entonces a las privaciones, el frío, el miedo, y esa soledad que sólo podrá ser paliada a duras penas por la fuerza de su amistad. Y conocerán, junto a sus compañeros y sus jefes, la amplia gama de sentimientos y actitudes —la nobleza, el egoísmo, la valentía, la estupidez— nacidos en la situación límite que la guerra impone a los seres humanos. En este conmovedor relato, Eduardo Sacheri pone el foco en el escenario bélico de las Malvinas y sus protagonistas: los militares de todas las jerarquías y variada conducta, y estos tres jóvenes que, apenas salidos de la adolescencia, se enfrentan a lo que les ha tocado con los recursos propios de una edad en la que se tiene toda la vida —y la muerte— por delante.",https://ww3.lectulandia.com/book/que-quedara-de-nosotros/,belico,2026-09-01,https://assets.lectulandia.com/b/ab/Eduardo%20Sacheri/Que%20quedara%20de%20nosotros%20(16)/small.jpg
Las hazañas del brigadier Gerard (trad. Amando Lázaro Ros),Arthur Conan Doyle,Aventuras; Bélico; Histórico; Relato,,"De la simpatía y admiración romántica que Sir Arthur Conan Doyle profesaba por la «aventura imperial francesa» nos ha quedado una biografía de Napoleón, The Great Shadow , y diecisiete espléndidos relatos protagonizados por el heroico, jactancioso, valiente, humano y no excesivamente perspicaz Etienne Gerard, oficial de húsares del Emperador. Los primeros relatos de Gerard aparecen como serie en 1895 en el Strand Magazine, y se reúnen en un volumen titulado The exploits of Brigadier Gerard al año siguiente: son los ocho relatos que integran la presente selección, ocho aventuras de ritmo trepidante, imaginación, intriga, humor e ironía, ambientadas magistralmente gracias al gran conocimiento que Conan Doyle tenía de la época y de las guerras napoleónicas. Quizá sorprenda a ciertos lectores el punto de vista que el autor ofrece sobre las campañas del ejército napoleónico en España, y sobre este «Primer Imperio» francés en general, pero hay que tener en cuenta que, fuera del ámbito español, la guerra napoleónica en España se contempla como una pugna entre los ejércitos inglés y francés, confrontación en la que la resistencia interior de los guerrilleros españoles sólo contribuye, con su labor de desgaste, a la expulsión del ejército francés invasor.",https://ww3.lectulandia.com/book/las-hazanas-del-brigadier-gerard-trad-amando-lazaro-ros/,belico,2026-09-01,https://assets.lectulandia.com/b/ab/Arthur%20Conan%20Doyle/Las%20hazanas%20del%20brigadier%20Gerard%20(92)/small.jpg
Los últimos de la lista,Grégory Cingal,Bélico; Drama; Histórico; Novela,,"Agosto de 1944. Treinta y siete oficiales de inteligencia aliados, condenados a muerte, entran en el Bloque 17 del campo de concentración de Buchenwald. Entre ellos, el comandante Forest Yeo-Thomas, enviado especial de Churchill como enlace con los líderes de la Resistencia; el capitán Harry Peulevé, responsable de la SOE (red creada para sabotear y espiar a los nazis), y el teniente Stéphane Hessel, agente de los servicios secretos de la Francia Libre (y posteriormente célebre autor de ¡Indignaos! ). Tres semanas después de su llegada, el jefe del bloque recibe una primera lista de hombres que van a ser ejecutados. Pronto les tocará a esos tres oficiales. Con la complicidad de la resistencia clandestina del campo, los tres trazarán un plan arriesgado: entrar en los mortíferos barracones donde se experimenta con una vacuna contra el tifus. Una carrera contrarreloj que dejará sin aliento a los lectores mientras viven los días de coraje, angustia y esperanza de un puñado de hombres atrapados en las luchas de poder de Buchenwald.",https://ww3.lectulandia.com/book/los-ultimos-de-la-lista/,belico,2026-09-01,https://assets.lectulandia.com/b/ab/Gregory%20Cingal/Los%20ultimos%20de%20la%20lista%20(1)/small.jpg
Cinco meses de invierno,James Kestrel,Bélico; Novela; Policíaco,,"Diciembre de 1941. Mientras los nazis siembran el caos en Europa y Estados Unidos intenta mantenerse al margen del conflicto, en Honolulú la apacible vida del inspector Joe McGrady, de la policía de Hawái, da un vuelco cuando le encargan esclarecer la muerte del joven Henry Kimmel Willard, sobrino del almirante de la marina estadounidense destinado en la zona, y de una chica japonesa, ambos asesinados con una crueldad inimaginable en la granja de un hacendado local. La compleja investigación obliga a McGrady a recorrer el Pacífico, desde Hawái hasta Hong Kong y otros enclaves remotos de la región, mientras la flota japonesa avanza en secreto hacia Pearl Harbor, dispuesta a lanzar el primer golpe de la confrontación militar más cruenta de la historia. Sin embargo, ni siquiera la guerra podrá detener al solitario y sensible McGrady en su implacable búsqueda de una verdad devastadora. Elogiada por autores de la talla de Stephen King, Dennis Lehane o Lee Child, Cinco meses de invierno es mucho más que una apasionante novela policíaca: es un fresco épico de los años de la Segunda Guerra Mundial en el Pacífico y sus consecuencias visibles e invisibles, así como una profunda meditación sobre el choque de dos mundos y una desgarradora historia de traición, amor, supervivencia y búsqueda de la propia identidad.",https://ww3.lectulandia.com/book/cinco-meses-de-invierno/,belico,2026-09-01,https://assets.lectulandia.com/b/ab/James%20Kestrel/Cinco%20meses%20de%20invierno%20(1)/small.jpg
Tenko,Anthony Masters; Michael Hardwick,Bélico; Drama; Novela,,"La novela, basada en la serie televisiva de la BBC que alcanzó un enorme éxito en Inglaterra, narra las penalidades de un grupo de mujeres internadas en los campos de concentración japoneses durante la segunda guerra mundial. El título es una palabra japonesa que alude a un recuento periódico de prisioneras que se hace en dichos campos y que va acompañado de un estricto ritual de obediencia de éstas hacia sus guardianes. La acción del relato se inicia en el año 1942. Se desarrolla primero en Singapur poco antes de ser conquistado por los japoneses, y nos muestra la cómoda vida de los británicos en el Lejano Oriente. Cuando se produce la caída de Singapur y la derrota del ejército inglés, un gran número de mujeres, esposas e hijas de militares, enfermeras, misioneras, criadas, etc., van a parar a los campos de concentración japoneses. Separadas de sus seres queridos y sin esperanzas de ser rescatadas, pasan más de tres años en medio de la jungla y en durísimas condiciones de vida. «Tenko» resalta ante todo los conflictos de personalidad y la gran resistencia de estas mujeres ante la desgracia. Las protagonistas son: Rose Millar, una mujer caprichosa y egoísta, que jamás ha trabajado, Marion Jefferson, la esposa de un coronel, que se convierte en líder de las prisioneras, una arrogante dama inglesa, una monja de firmes convicciones, una muchacha eurasiática… Pero con el bombardeo de Hiroshima y Nagasaki, Japón se rinde, e inmediatamente terminan para aquel grupo de mujeres años enteros de humillaciones y sufrimientos. No obstante, la liberación y el traslado al lujoso hotel Raffles les traerán amargura y desengaños. Después de la terrible experiencia de su encierro, la vida jamás podrá ser la misma para ellas.",https://ww3.lectulandia.com/book/tenko/,belico,2026-09-01,https://assets.lectulandia.com/b/ab/Anthony%20Masters/Tenko%20(1)/small.jpg
Las mariposas de Sarajevo,Priscilla Morris,Bélico; Drama; Novela; Realista,,"Una historia conmovedora sobre el amor, la esperanza y el poder del arte en una ciudad sitiada. ¿Es posible seguir viendo belleza cuando todo a nuestro alrededor se desmorona? Sarajevo, primavera de 1992. En una ciudad en la que se empiezan a oír tambores de guerra, Zora cruza cada mañana un puente para seguir con sus clases en la Academia de Bellas Artes y para encerrarse después en su estudio. Allí la espera otro puente, un enorme lienzo en el que ha trabajado los últimos meses mientras la ciudad se vestía de barricadas y los jóvenes, de soldados. Su marido, su madre y su hija están a salvo, en el Reino Unido, y ella cree que las hostilidades no durarán más de un par de semanas. Pero cuando la violencia finalmente llega, se ve atrapada en una ciudad sitiada. Todo lo que ama —los paisajes vespertinos, la alegría de las calles, los colores, las colinas, todo— se transforma, y una tormenta de cenizas negras cubre los tejados mientras Zora y los que, como ella, se han quedado atrás deben hacer frente a un mundo que se desintegra en un intento de no perder la humanidad.",https://ww3.lectulandia.com/book/las-mariposas-de-sarajevo/,belico,2026-09-01,https://assets.lectulandia.com/b/ab/Priscilla%20Morris/Las%20mariposas%20de%20Sarajevo%20(1)/small.jpg
Los años de bronce,Slobodan Šnajder,Bélico; Drama; Novela,,"Al tiempo una saga familiar y una gran novela de guerra, en la que la historia de la antigua Yugoslavia se inserta en un trasfondo europeo más amplio, esta novela narra el drama de los Volksdeutsche , la minoría alemana del noreste de Croacia que emigró a estas regiones en el siglo XVIII. Estos alemanes, integrados ya en la población local, fueron reclutados por las Waffen SS durante la Segunda Guerra Mundial. Georg Kempf, el protagonista, vive el dramático destino de un soldado alemán «a su pesar» que, tras participar en los horrores de la guerra, acabará desertando. Tras un largo y peligroso camino a casa, encuentra que todo ha cambiado allí y que el resto de su existencia quedará irreparablemente marcado por la guerra. En el centro de la narración se encuentra la trágica historia de amor entre dos personajes encadenados por su historia dividida, la de dos antiguos combatientes de campos opuestos: la partisana croata Vera y Georg, el desertor alemán, que si se hubieran conocido antes se habrían matado entre sí. Cáustica y a la vez cautivadora, esta novela es un punto culminante absoluto de la literatura croata y centroeuropea.",https://ww3.lectulandia.com/book/los-anos-de-bronce/,belico,2026-09-01,https://assets.lectulandia.com/b/ab/Slobodan%20najder/Los%20anos%20de%20bronce%20(1)/small.jpg
Tres días de camino,Joseph Boyden,Bélico; Novela,Familia Bird,"1919. Niska, la última curandera de los Oji-Cree que queda por las tierras de Ontario, Canadá, ha hecho un largo viaje para recibir a uno de los dos muchachos de su tribu que se habían alistado en el ejército y que vuelve herido de la guerra en Europa. Pero el que baja del tren no es quien Niska esperaba, sino su único pariente, su sobrino Xavier, que todos daban por muerto. ¿Qué ha sucedido con su mejor amigo Elijah, con el que combatió en los campos de batalla de Francia y Bélgica? ¿Por qué ha llegado Xavier bajo la identidad de otro? Gravemente herido y adicto a la morfina, Xavier deambula entre la vida y la muerte mientras recuerda los años vividos en el campo de batalla con Elijah y cómo su reputación como francotiradores que era el orgullo de su regimiento se convirtió en horror y vergüenza. Niska comprende que su cometido no es sólo llevar a Xavier a casa sino devolverle al mundo de los vivos, cueste lo que cueste. Inspirada en parte en la vida del héroe de la primera guerra mundial Francis Pegahmagabow, Tres días de camino es una gran novela de verdadero aliento épico, en la tradición de las grandes historias de guerra, pero ante todo es una historia cautivante e iluminadora de amistad y esperanza.",https://ww3.lectulandia.com/book/tres-dias-de-camino/,belico,2026-09-01,https://assets.lectulandia.com/b/ab/Joseph%20Boyden/Tres%20dias%20de%20camino%20(1)/small.jpg
Homero y su Ilíada,Robin Lane Fox,Bélico; Ensayo; Histórico; Poesía; Relato,,"Un estudio apasionante del más célebre de todos los poemas épicos, de la mano de uno de los principales clasicistas de nuestros tiempos La Ilíada de Homero, el famoso poema épico ambientado en las orillas de una Troya asediada, explora la divina cólera del héroe Aquiles y cómo esta causó infinitos daños a griegos y troyanos. A pesar de haber sido compuesto hace más de 2600 años, las historias sobre pérdida y duelo, amor y venganza, bajo una vigilancia ineludible por parte del caprichoso panteón griego, siguen siendo un tema fascinante que ha trascendido al imaginario común. Sin embargo, grandes interrogantes prevalecen sobre este enigmático poema: ¿dónde, cómo y cuándo se compuso? Combinando la pericia detallada de un historiador con la sensibilidad poética de un verdadero maestro de épica, Lane Fox aborda estas cuestiones con gran erudición basándose en otros poemas heroicos compuestos en diversas partes del mundo y en las pruebas cada vez más numerosas y convincentes proporcionadas por la arqueología. En este homenaje soberbiamente escrito tras cincuenta años de lectura e investigación, Lane Fox nos ofrece un magnífico recorrido por la Ilíada , revelando porqué el poema ha perdurado durante siglos y miles de lectores aún acuden a él año tras año.",https://ww3.lectulandia.com/book/homero-y-su-iliada/,belico,2026-09-01,https://assets.lectulandia.com/b/ab/Robin%20Lane%20Fox/Homero%20y%20su%20Iliada%20(4)/small.jpg
Los lobos de invierno,Dan Jones,Aventuras; Bélico; Histórico; Novela,Los perros de Essex,"1347. Para la banda de hermanos que forman los Perros, la guerra de los Cien Años no ha hecho más que empezar. Mientras asedian Calais, la guerra se ceba en los hombres con toda su brutalidad. Por si fuera poco, los poderosos parecen querer que esta guerra sea muy larga… Arrojados al torbellino de la batalla, los Perros tienen muchas preguntas. ¿Por qué luchan realmente? ¿Y por qué le importa tanto al rey esta pequeña ciudad?",https://ww3.lectulandia.com/book/los-lobos-de-invierno/,belico,2026-09-01,https://assets.lectulandia.com/b/ab/Dan%20Jones/Los%20lobos%20de%20invierno%20(2)/small.jpg
Ejecución,Sven Hassel,Aventuras; Bélico; Novela,Biblioteca Sven Hassel,"El Legionario gira el cañón de la metralleta. Las pistas de humo devoran las barrigas de los oficiales. Se tumban bruscamente en la nieve, que se tiñe de púrpura. Desde el bosque se escucha gritos bestiales al avanzar una ola de soldados vestidos con pieles. Se encuentran en el frente ruso-finlandes. Las metralletas regañan hasta vaciarse los cargadores. El pelotón del Viejo, con el gigante Hermanito y Porta en los papeles principales, lucha salvajemente detrás de la lineas rusas. Sven Hassel fue mandado a un batallón de castigo como soldado raso en el ejercito alemán. Con un realismo cercano y brutal narra las atrocidades de la guerra, los crímenes de los nazis y el humor cínico y tosco de los soldados. Con unas ventas superiores a los 50 millones de ejemplares son los libros de guerra más vendidos en el mundo.",https://ww3.lectulandia.com/book/ejecucion/,belico,2026-09-01,https://assets.lectulandia.com/b/ab/Sven%20Hassel/Ejecucion%20(6)/small.jpg
El motín del Caine,Herman Wouk,Aventuras; Bélico; Histórico; Novela; Psicológico,,"Novela escrita por Herman Wouk y publicada en 1951. La novela ganó el premio Pulitzer en el año 1952. «El motín del Caine» se basó en la experiencia del autor a bordo de un barco de guerra en el Pacífico durante la Segunda Guerra Mundial. La novela se centra en Willie Keith, un neoyorquino adinerado asignado al barco llamado «Caine». Este joven va madurando gradualmente a lo largo del libro. Pero esta obra, es mayormente conocida por el retrato que hace del neurótico Capitán Queeg, quien se vuelve obsesionado con infracciones y situaciones mínimas, descuidando el verdadero bienestar y seguridad de su tripulación. El intelectual, y a veces cínico teniente, Tom Keefer convence al leal teniente Steve Maryk de la necesidad de sacar a Queeg de su puesto para poder preservar la supervivencia en el barco.",https://ww3.lectulandia.com/book/el-motin-del-caine/,belico,2026-09-01,https://assets.lectulandia.com/b/ab/Herman%20Wouk/El%20motin%20del%20Caine%20(4)/small.jpg
La erupción del Erebus,Payne Harrison,Bélico; Novela,,"Una expedición conjunta de científicos rusos y norteamericanos investiga en la Antártida la composición geológica de este continente. En el curso de su trabajo, los investigadores descubren un importantísimo yacimiento de rubidio, esencial para el greser , un arma con la efectividad de un ingenio nuclear pero sin el inconveniente de la lluvia radiactiva. Para hacerse con las reservas de rubidio, rusos y norteamericanos se enfrentan en un conflicto bélico en el inhóspito continente de hielo, con un despliegue sin precedentes de fuerzas aéreas y navales que utilizan las más sofisticadas armas secretas. El desequilibrio sísmico provocado en la zona del yacimiento por la actividad militar pone en erupción el volcán Erebus, lo que da un giro inesperado a los acontecimientos.",https://ww3.lectulandia.com/book/la-erupcion-del-erebus/,belico,2026-09-01,https://assets.lectulandia.com/b/ab/Payne%20Harrison/La%20erupcion%20del%20Erebus%20(2)/small.jpg
El Don apacible (Tr. José Laín Entralgo),Mijaíl Shólojov,Bélico; Drama; Histórico; Novela,,"El Don apacible fue escrita en cuatro partes entre 1928 y 1940 y por la que se le otorgó en 1941 el premio Stalin y el premio Nobel de Literatura en 1965. Esta monumental novela épica relata la intervención rusa en la Primera Guerra Mundial, la Revolución bolchevique, y la Guerra Civil Rusa (1918-1921), desde el punto de vista de los cosacos del río Don, en un posición ambivalente entre las ansias de paz y de mejora de las condiciones de vida que hace a algunos apoyar a los comunistas, y una mayoría opuestos a la colectivización de sus tierras y productos, contraria a sus costumbres y tradiciones. Pero es también un novela de personajes y de costumbres, una novela histórica y que retrata lo cotidiano. Comparada con Guerra y paz, nunca antes una novela había sido capaz de fluir tan magistralmente por personajes, ideas, costumbres, sentimientos, como lo hace Sholojov con la grandeza del amor y la desesperación de la guerra. Fue llevada dos veces al cine. En 1930 bajo la dirección de Ivan Pravov, Olga Preobrazhenskaya, Mikhail Provor, y en 1957 por Sergei Gerasimov..",https://ww3.lectulandia.com/book/el-don-apacible-tr-jose-lain-entralgo/,belico,2026-09-01,https://assets.lectulandia.com/b/ab/Mijail%20Sholojov/El%20Don%20apacible%20Tr%20Jose%20Lain%20Entralgo%20(3)/small.jpg
La isla de la mujer dormida,Arturo Pérez-Reverte,Aventuras; Bélico; Histórico; Novela,,"Una novela de mar, amor y aventuras en el Egeo durante los años de la Guerra Civil española. Abril de 1937 . Mientras en España transcurre la guerra civil, el marino mercante Miguel Jordán Kyriazis es enviado por el bando sublevado para atacar de modo clandestino el tráfico naval que desde la Unión Soviética transporta ayuda militar para la República. En la base de operaciones, una pequeña isla del mar Egeo, la vida del corsario español se cruzará en turbio triángulo con la de los propietarios, el barón Katelios y su esposa: una seductora mujer madura que busca, con fría desesperación, el modo de escapar a su destino. ---------------------------- La crítica ha dicho: «Me gusta Pérez-Reverte, me recuerda a Dumas y Salgari». Umberto Eco «El novelista más perfecto de la literatura española de nuestro tiempo». El País «Pérez-Reverte sabe cómo retener al lector a cada vuelta de página». The New York Times Book Review «Arturo Pérez-Reverte elabora sus novelas como un viejo barman español refinado y elegante que se emborrachase de vez en cuando con Corto Maltés». Minute «Pérez-Reverte ha inventado novelas y géneros que no existían en España». Alexis Grohmann «La etapa creativa que está atravesando Arturo Pérez-Reverte resulta asombrosa». Sergio Vila-Sanjuán, La Vanguardia",https://ww3.lectulandia.com/book/la-isla-de-la-mujer-dormida/,belico,2026-09-01,https://assets.lectulandia.com/b/ab/Arturo%20PerezReverte/La%20isla%20de%20la%20mujer%20dormida%20(30)/small.jpg
El asesino de Sharpe,Bernard Cornwell,Aventuras; Bélico; Histórico; Novela,Richard Sharpe,"Si hay un hombre que puede hacer lo imposible, ése es Richard Sharpe... El teniente coronel Sharpe es un hombre con reputación. Nacido en una alcantarilla, criado en un hospicio, se unió muy joven al ejército, y ése ha sido su hogar desde entonces. Es sólo un hombre, casi una bala perdida, pero sus tan poco convencionales métodos lo convierten en una pieza muy valiosa. Aún se está asentando el polvo causado durante la batalla de Waterloo, pero el duque de Wellington, plenamente consciente de que el fin de una guerra es sólo el comienzo de otra, se prepara ya para una nueva amenaza. Puede que el ejército de Napoleón haya sido derrotado, pero un nuevo enemigo ya los acecha entre las sombras: un grupo secreto de fanáticos revolucionarios empeñados en vengar a su emperador. Y a Wellington sólo se le ocurre recurrir a Sharpe… En esta ocasión, el campo de batalla será completamente diferente: el laberinto de calles que componen la ciudad de París, donde las líneas entre amigos y enemigos se difuminan con facilidad. En esa encrucijada, y en su búsqueda del espía del que depende todo, Sharpe tendrá que derrotar a un asesino letal decidido a matar a su objetivo o morir en el intento...",https://ww3.lectulandia.com/book/el-asesino-de-sharpe/,belico,2026-09-01,https://assets.lectulandia.com/b/ab/Bernard%20Cornwell/El%20asesino%20de%20Sharpe%20(63)/small.jpg
Ilíada (trad. Óscar Martínez),Homero,Bélico; Drama; Otros; Poesía,,"La Ilíada es una obra fundamental en la historia de la cultura occidental no sólo por su antigüedad, sino sobre todo por su continuada pervivencia en todas sus manifestaciones hasta la actualidad. El origen de la fascinación que ha ejercido esta obra de Homero sobre los lectores de todas las épocas proviene, por un lado, de su inigualable aliento épico y de sus personajes: en el colérico Aquiles, en su antagonista Héctor, en Ayante, Agamenón o Andrómaca, muchos de ellos retomados por los trágicos griegos, vibra una cuerda que los identifica con todos los hombres. Pero es sin duda su final, que redime en su humanidad el torrente de furia sanguinaria y el hervidero de emociones, tanto de hombres como de dioses, que fluyen a lo largo de ella, lo que la convierte en una cima excepcional. La presente versión en prosa, primera del poema al castellano en el siglo XXI, ofrece una versión límpida y rigurosa destinada a ser referencia para el lector actual. Traducción y prólogo de Óscar Martínez García",https://ww3.lectulandia.com/book/iliada-trad-oscar-martinez/,belico,2026-09-01,https://assets.lectulandia.com/b/ab/Homero/Iliada%20trad%20Oscar%20Martinez%20(13)/small.jpg
El Don apacible – Vol I [Tr. José Laín Entralgo],Mijaíl Shólojov,Bélico; Drama; Histórico; Novela; Romántico,,"El Don apacible fue escrita en cuatro partes entre 1928 y 1940 y por la que se le otorgó en 1941 el premio Stalin y el premio Nobel de Literatura en 1965. Esta monumental novela épica relata la intervención rusa en la Primera Guerra Mundial, la Revolución bolchevique, y la Guerra Civil Rusa (1918-1921), desde el punto de vista de los cosacos del río Don, en un posición ambivalente entre las ansias de paz y de mejora de las condiciones de vida que hace a algunos apoyar a los comunistas, y una mayoría opuestos a la colectivización de sus tierras y productos, contraria a sus costumbres y tradiciones. Pero es también un novela de personajes y de costumbres, una novela histórica y que retrata lo cotidiano. Comparada con Guerra y paz, nunca antes una novela había sido capaz de fluir tan magistralmente por personajes, ideas, costumbres, sentimientos, como lo hace Sholojov con la grandeza del amor y la desesperación de la guerra.",https://ww3.lectulandia.com/book/el-don-apacible-vol-i-tr-jose-lain-entralgo/,belico,2026-09-01,https://assets.lectulandia.com/b/ab/Mijail%20Sholojov/El%20Don%20apacible%20(2)/small.jpg
Estación Damasco,David McCloskey,Bélico; Intriga; Novela,Damascus Station,"Siria arde en llamas. Asediado por las protestas populares en las calles, el sanguinario dictador Bachar el Asad responde con una violencia cada vez mayor, que incluye, se sospecha, el uso de armas químicas. La CIA manda a su agente Sam Joseph a París con la misión de reclutar a la funcionaria Mariam Haddad, una siria que forma parte del círculo íntimo del dictador. Pronto, Sam y Mariam se encuentran en Damasco para dar con el responsable de la desaparición de un espía estadounidense, compartiendo mucho más que información privilegiada y poniendo en peligro la misión y sus vidas.",https://ww3.lectulandia.com/book/estacion-damasco/,belico,2026-09-01,https://assets.lectulandia.com/b/ab/David%20McCloskey/Estacion%20Damasco%20(1)/small.jpg
"Buenas noches, Irene",Luis Alberto Urrea,Bélico; Drama; Novela,,"En 1943, Irene Woodward huye de Nueva York y de su mezquino prometido para alistarse en la Cruz Roja y poner rumbo a Europa. Durante su formación, entabla amistad con Dorothy Dunford, una mujer del Medio Oeste poseedora de un apabullante ingenio. Ambas forman parte de las Donut Dollies, un selecto grupo de mujeres que viajan en vehículos militares conocidos como Clubmobiles con el propósito de ofrecer camaradería, diversión y sabor hogareño a los combatientes en el frente, y es de este modo como ambas amigas se unen a los soldados aliados que se dirigen a Francia. Durante su estancia en Europa se verán envueltas en toda suerte de peligros, desde la batalla de las Ardenas hasta la liberación de Buchenwald. Gracias a Dorothy y a Hans, un aguerrido piloto de caza estadounidense, Irene aprende a confiar de nuevo en el ser humano. Pero la esperanza de que los tres sobrevivan a la guerra se va volviendo más débil conforme pasan los días. Tomando como inspiración la experiencia de su propia madre en la Cruz Roja, Luis Alberto Urrea rescata del olvido una historia de heroísmo femenino durante la Segunda Guerra Mundial. Con su emotivo y conmovedor retrato de la amistad y del valor en circunstancias angustiosas, Buenas noches, Irene vuelve a poner de manifiesto «las prodigiosas dotes narrativas de Urrea» ( NPR ).",https://ww3.lectulandia.com/book/buenas-noches-irene/,belico,2026-09-01,https://assets.lectulandia.com/b/ab/Luis%20Alberto%20Urrea/Buenas%20noches%20Irene%20(1)/small.jpg
Objetivo Madeleine,Alfredo de Braganza,Bélico; Drama; Histórico; Novela,,"París, 1943. Noor, una princesa india convertida en espía aliada para luchar contra los nazis, es apresada y torturada en un edificio del que nadie ha salido con vida. En su poder, la información que puede hundir la reputación del Vaticano y descalabrar el proyecto de Hitler. ¿Será capaz de soportar el infierno para cumplir con su misión? Un thriller histórico ambientado en la Segunda Guerra Mundial, cargado de suspense y giros inesperados, que recorre la fascinante vida de Noor Inayat Khan, la única mujer que ganó los más altos honores civiles a título póstumo, la Cruz de San Jorge por el gobierno británico y la Croix de Guerre del gobierno francés, gracias a su valiente lucha por la libertad. Conoce la historia de una de las heroínas de guerra más olvidadas y descubre los entresijos de un conflicto salpicado por la permisividad del Vaticano sobre el genocidio en Yugoslavia a manos de la Ustacha, el movimiento fascista que también se cobró la vida de cientos de serbios, judíos, gitanos y partisanos. «Al surcar estas páginas sufrirá, se angustiará, quedará impresionado por el horror, pero, a la vez, descubrirá un canto a la lucha contra la tiranía, a la fe en algo que sobrepasa la muerte y al amor». –César Vidal",https://ww3.lectulandia.com/book/objetivo-madeleine/,belico,2026-09-01,https://assets.lectulandia.com/b/ab/Alfredo%20De%20Braganza/Objetivo%20Madeleine%20(22)/small.jpg
Caligramas,Guillaume Apollinaire,Bélico; Drama; Otros; Poesía,,"Guillaume Apollinaire (1880-1918) no ha perdido todavía su puesto destacado entre los autores más desconcertantes de la literatura francesa contemporánea. Muy pronto captó la atención de exégetas e investigadores y actualmente sus obras más diversas continúan despertando extraordinario interés, tanto por su original sensibilidad como por la audacia de sus propuestas literarias, que han servido de punto de partida para una parte importante de las vanguardias actuales. En «Caligramas» aparece, junto con las constelaciones imaginarias que caracterizan al poeta, un amplio y variado repertorio de sus búsquedas formales, que en la presente edición completa se ha querido respetar tal como el autor lo publicó en 1918.",https://ww3.lectulandia.com/book/caligramas/,belico,2026-09-01,https://assets.lectulandia.com/b/ab/Guillaume%20Apollinaire/Caligramas%20(15)/small.jpg
La ruta sangrienta,Sven Hassel,Aventuras; Bélico; Novela,Biblioteca Sven Hassel,"«La ruta sangrienta» es, sin duda, una de las novelas más logradas de Sven Hassel, el famoso autor de tantos y tantos «best-sellers» centrados en torno a la actividad de las tropas alemanas durante la Segunda Guerra Mundial. Reaparecen los personajes tan conocidos por los numerosos lectores de Sven Hassel: «el Viejo», «Hermanito», Porta, «el Legionario»…, a los que se unen otros nuevos como «Tango» y «Búfalo». La unidad a cuyo mando se halla «el Viejo», se enfrenta aquí con los partisanos griegos. Los «500» van encontrando por doquier, en su marcha, una «ruta sangrienta», y asisten a escenas verdaderamente desgarradoras, como la del niño que enloquece al ver cómo unos desertores matan a sus jóvenes padres, o el fusilamiento sin previo juicio, por haber robado, de dos adolescentes que son casi unos niños… Apocalípticas y dantescas escenas que, por desgracia, no son producto de la imaginación de su autor.",https://ww3.lectulandia.com/book/la-ruta-sangrienta/,belico,2026-09-01,https://assets.lectulandia.com/b/ab/Sven%20Hassel/La%20ruta%20sangrienta%20(5)/small.jpg
Los perros de Essex,Dan Jones,Bélico; Histórico; Novela,Los perros de Essex,"En la guerra, algunos luchan por la gloria; otros, por dinero. ¿Los Perros de Essex? Luchan el uno por el otro. Julio de 1346. Diez hombres desembarcan en las playas de Normandía. Son los Perros de Essex: un pelotón de arqueros y hombres de armas dirigidos por un capitán cuyos mejores días han quedado atrás. Esta banda de hermanos, que se adentra cada vez más en territorio enemigo hacia Crécy, sabe que va a librar una batalla que forjará naciones. ¿Conseguirá el viejo capitán que vuelvan a casa sanos y salvos o los devorará la vorágine de la guerra de los Cien Años?",https://ww3.lectulandia.com/book/los-perros-de-essex/,belico,2026-09-01,https://assets.lectulandia.com/b/ab/Dan%20Jones/Los%20perros%20de%20Essex%20(1)/small.jpg
Ojo de diamante,Kate Quinn,Bélico; Histórico; Novela,,"La autora superventas de La red de Alice regresa con un inolvidable relato de la Segunda Guerra Mundial, basado en hechos reales, en torno a una pacífica bibliotecaria que se convirtió en la francotiradora más letal de la historia . En 1937, en la nevada Kiev, la vida de Mila Pavlichenko gira en torno a su trabajo de bibliotecaria y a su hijo pequeño, pero la invasión de los nazis a la URSS cambia radicalmente su destino. Cuando le dan un fusil y la envían a luchar al frente oriental, la joven estudiosa se convertirá en una implacable francotiradora conocida como Lady Muerte y llegará a ser una heroína nacional. Para recuperarse de sus heridas de guerra Mila es enviada a los Estados Unidos en una gira benéfica y propagandística. Allí se ve aislada y sola hasta que una inesperada amistad con la primera dama, Eleanor Roosevelt, y una aún más inesperada conexión con un compañero francotirador le ofrecen la posibilidad de la felicidad. Pero un viejo enemigo del pasado de Mila une sus fuerzas a las de un nuevo y letal adversario que acecha en las sombras, y Lady Muerte tendrá que luchar contra sus propios demonios y contra las balas enemigas en el duelo más letal de su vida. Finalista a los Goodreads Choice Awards: Mejor Novela Histórica de 2022",https://ww3.lectulandia.com/book/ojo-de-diamante/,belico,2026-09-01,https://assets.lectulandia.com/b/ab/Kate%20Quinn/Ojo%20de%20diamante%20(5)/small.jpg
Muerte al invasor,C. S. Forester,Bélico; Novela,,"Muerte al invasor es una novela sobre la guerra en Portugal durante las guerras napoleónicas. Relata las aventuras de un fusilero británico del 95.º Regimiento de Infantería que queda aislado de su regimiento cuando el ejército aliado se retira tras las Líneas de Torres Vedras. Se ve obligado a sobrevivir durante varios meses en un territorio devastado por los aliados y ocupado por los franceses. Con la ayuda de algunos portugueses locales, Dodd libra una guerra de guerrillas contra los franceses. La historia se cuenta tanto desde la perspectiva de Dodd como de los franceses contra los que lucha.",https://ww3.lectulandia.com/book/muerte-al-invasor/,belico,2026-09-01,https://assets.lectulandia.com/b/ab/C%20S%20Forester/Muerte%20al%20invasor%20(13)/small.jpg
Torpedo,Edward L. Beach,Bélico; Novela,,"Un submarino de la armada estadounidense es hundido por un destructor japonés durante la Segunda Guerra Mundial. Este fracaso lleva a la destitución del capitán americano, que desarrolla un odio feroz contra el desconocido comandante enemigo que lo hundió. A pesar de todo, sus amistades en Washington logran para él un nuevo mando, pasando por encima de otro joven oficial admirado y respetado por sus hombres. La hostilidad de la tripulación al tomar el capitán el comando del nuevo submarino no deja de crecer. Su extraño comportamiento y su actitud obsesiva no facilitan la situación que amenaza con llegar al motín. Un drama de terribles pasiones entre hombres duros que de continuo se enfrentan con la muerte y que no reconocen más ley que la férrea disciplina de las ordenanzas militares.",https://ww3.lectulandia.com/book/torpedo/,belico,2026-09-01,https://assets.lectulandia.com/b/ab/Edward%20L%20Beach/Torpedo%20(1)/small.jpg
La perfección del tiro,Mathias Énard,Bélico; Drama; Novela,,"Un francotirador de dieciocho años que desde hace demasiado tiempo vive en una ciudad sitiada por la guerra civil centra su existencia en un único objetivo: perfeccionar el arte del disparo. El secreto de un tiro perfecto reside en el dominio de la respiración, mantener la calma y escuchar al propio cuerpo, el latido del corazón. El fusil tiene que convertirse en la prolongación de uno mismo. Y así, con el ojo puesto en la mirilla, espera paciente desde su tejado a que el día acabe con algunos disparos certeros, ya sea a un pájaro o a una vecina que, temerariamente, haya salido a la calle. Cuando la noche cae, el francotirador regresa a casa con una madre medio loca y Myrna, una adolescente de quince años contratada para cuidar a la mujer. Myrna despierta en él una ternura y un deseo que la enajenación provocada por la guerra pervierte de una forma cruel e impredecible. La brillante ópera prima de Mathias Énard consigue adentrarnos en la compleja y perturbada mente de este héroe del horror. La cruda realidad y el lirismo de su voz narrativa confluyen paradójicamente para reflejar la inherente crueldad humana y un mundo en el que no hay más satisfacción que la excelencia en el arte de imponer la fuerza.",https://ww3.lectulandia.com/book/la-perfeccion-del-tiro/,belico,2026-09-01,https://assets.lectulandia.com/b/ab/Mathias%20Enard/La%20perfeccion%20del%20tiro%20(7)/small.jpg
En la Tercera el francés,Federico Supervielle Bergés,Bélico; Histórico; Novela,,"Hay muy pocas batallas que, de haberse resuelto de forma distinta, hubieran cambiado radicalmente la historia del mundo. ​En 1582, la guerra de sucesión portuguesa ofreció a Francia la oportunidad de disputar el dominio español del Atlántico. El control extranjero de las Azores habría supuesto el fin del comercio seguro con las Indias, la caída del imperio americano y la quiebra absoluta de la hacienda española. ​Cuando don Álvaro de Bazán, héroe de Lepanto, Orán y Malta, llega a la isla de Tercera, no solo sabe todo esto, sino que es consciente de que el enemigo le dobla en número. Solo su astucia, el arrojo de sus soldados y la valentía de sus marineros pueden salvar doscientos años de imperio y dar al marqués de Santa Cruz la gloria que Lope de Vega glosó: El fiero turco en Lepanto, en la Tercera, el francés, y en todo el mar el inglés, tuvieron de verme espanto.",https://ww3.lectulandia.com/book/en-la-tercera-el-frances/,belico,2026-09-01,https://assets.lectulandia.com/b/ab/Federico%20Supervielle%20Berges/En%20la%20Tercera%20el%20frances%20(7)/small.jpg
Reencuentro y Un alma valerosa,Fred Uhlman,Bélico; Drama; Novela,,"Reencuentro (1971) , un clásico contemporáneo que pronto se convirtió en best-seller , narra la intensa amistad, en la Alemania de 1932, que surge entre dos jóvenes de dieciséis años —Hans Schwarz, nacido en una familia judía, y Konradin von Hohenfels, rico aristócrata, miembro de una de las más antiguas familias europeas— cuando coinciden en una selecta escuela de Stuttgart. Sin embargo, al cabo de apenas un año, todo empezará a torcerse: con el ascenso de Hitler al poder, Konradin entra a formar parte de las juventudes hitlerianas mientras Hans huye al exilio. Tan solo mucho tiempo después, Hans, instalado en Estados Unidos, «reencontrará», de un modo sorprendente y emotivo, a su viejo amigo. Un alma valerosa (publicado póstumamente en 1996) narra esa amistad vivida por Konradin, el rico nazi, y en circunstancias dramáticas. Desde la prisión, aterrado, mientras espera a que lo ajusticien por haber participado en el intento de asesinato de Hitler en julio de 1944, escribe una carta a Hans para contarle cómo vivió aquellos años de adolescencia.",https://ww3.lectulandia.com/book/reencuentro-y-un-alma-valerosa/,belico,2026-09-01,https://assets.lectulandia.com/b/ab/Fred%20Uhlman/Reencuentro%20y%20Un%20alma%20valerosa%20(5)/small.jpg
Guerra,Louis-Ferdinand Céline,Bélico; Crónica; Historia; Novela; Realista,,"Un acontecimiento literario: la novela perdida de Louis-Ferdinand Céline sobre sus experiencias en la Primera Guerra Mundial. La peripecia del manuscrito de Guerra es novelesca. En las postrimerías de la Segunda Guerra Mundial, al huir de Francia con otros colaboracionistas de los nazis, Louis-Ferdinand Céline dejó dos maletas repletas de manuscritos. Alguien las sustrajo, y su pista se perdió durante décadas, hasta que se recuperaron en 2021 y se procedió al estudio del material que contenían. El primero de los textos en ver la luz es el que el lector tiene en sus manos, escrito entre las dos obras maestras que el autor publicó en el periodo de preguerra: Viaje al fin de la noche y Muerte a crédito. El rescate de esta novela inédita es, pues, un acontecimiento literario. ¿Qué es Guerra ? Como otras novelas de Céline, es un libro con un elevado contenido autobiográfico, que mezcla realidad y ficción. El brigadier Ferdinand es gravemente herido en el frente de Flandes durante una de las cruentas batallas de la Primera Guerra Mundial. Destruido física y moralmente, es evacuado a un hospital al norte de Francia, donde una enfermera inasequible al desaliento se hará cargo de él, y Ferdinand se relacionará con diversos personajes. Escrita con el característico estilo visceral, brutal y radical de Céline, la obra retrata la guerra como enloquecido matadero, y en sus páginas se cruzan, con crudeza y voluptuosidad, la muerte y el sexo, el dolor y la sensualidad, la destrucción y la pasión.",https://ww3.lectulandia.com/book/guerra-louis-ferdinand-celine/,belico,2026-09-01,https://assets.lectulandia.com/b/ab/LouisFerdinand%20Celine/Guerra%20(8)/small.jpg
¡Arriba el periscopio!,Alexander Fullerton,Bélico; Novela,,"Este relato bélico es la historia de un submarino inglés, el Seahound , a través de los mares del océano índico, durante la Segunda Guerra Mundial, cuando después de la ocupación de Singapur por los japoneses la Armada británica y sus aliados norteamericanos se batían a la defensiva en espera de tiempos mejores. El autor formó parte de la dotación de un submarino en calidad de oficial, y fruto de su experiencia y de su imaginación es esta novela, a través de la cual vamos conociendo las intimidades de la tripulación del Seahound , sus añoranzas del ayer no lejano, unidas a la esperanza en un futuro mejor, cuando llegue la paz. La camaradería entre los marineros, la inflexible disciplina mantenida por los oficiales, bromas y peleas, angustia del combate y alegría de la victoria cuando es hundido un barco enemigo: todo se mantiene en un tono sencillo dentro del clima bélico. Y cuando el Alto Mando japonés acepta la rendición incondicional y el submarino regresa a su base parece como si terminase la vida de aquel puñado de hombres valientes y heroicos; como si algo en común se rasgara con estrépito; como si aquel adiós del capitán a su submarino, que pronto será desguazado y convertido en chatarra, fuese compartido por todos los hombres que sufrieron y vivieron en él las horas más difíciles y emocionantes de su vida. Esta obra, considerada la mejor de cuantas de este género se han escrito, ha constituido un resonante best-seller .",https://ww3.lectulandia.com/book/arriba-el-periscopio/,belico,2026-09-01,https://assets.lectulandia.com/b/ab/Alexander%20Fullerton/Arriba%20el%20periscopio%20(4)/small.jpg
Bautismo de fuego,Alexander Fullerton,Bélico; Novela,Nicholas Everard,"31 de Mayo de 1916. 14:28 horas. En las aguas grises y azotadas por el viento del mar del Norte, a poca distancia de la costa de Jutlandia, suenan las alarmas de fuego… El alférez de navío Nicholas Everard, de la Armada Británica, se encuentra a bordo de un pequeño destructor que se dirige a toda velocidad a lanzar torpedos en medio de los disparos de los cañones de una línea de acorazados. Esta novela recrea con gran maestría y precisión histórica la batalla de Jutlandia, que enfrentó a la numerosa flota británica con la alemana, técnicamente superior. Una batalla naval sin precedentes que duró un día entero y de la que ambos contendientes se proclamaron vencedores, lo que generó una polémica que ha llegado a nuestros días.",https://ww3.lectulandia.com/book/bautismo-de-fuego-2/,belico,2026-09-01,https://assets.lectulandia.com/b/ab/Alexander%20Fullerton/Bautismo%20de%20fuego%20(2)/small.jpg
Misión en el Cuerno de Oro,Alexander Fullerton,Bélico; Novela,Nicholas Everard,"Finales de la primera guerra mundial. La amenazadora mole del crucero de batalla alemán Goeben acecha en el Cuerno de Oro, Constantinopla. Destruirlo, o cuando menos inmovilizarlo, resulta esencial y el único modo es enviar un submarino de la clase E a través del estrecho de los Dardanelos hasta el mar de Mármara. Sin embargo, han pasado dos años desde que un submarino de los Aliados consiguió atravesar los Dardanelos con éxito. Ahora el paso está sembrado de minas y redes, y hay patrullas día y noche. Atravesar el estrecho con un submarino parece un suicidio. Pero Nicholas Everard está al mando y, con la ayuda de un experto en explosivos de la Marina y un taciturno especialista en espionaje, se enfrentará a su misión más peligrosa…",https://ww3.lectulandia.com/book/mision-en-el-cuerno-de-oro/,belico,2026-09-01,https://assets.lectulandia.com/b/ab/Alexander%20Fullerton/Mision%20en%20el%20Cuerno%20de%20Oro%20(3)/small.jpg
Abejas grises,Andrei Kurkov,Bélico; Novela,,"La odisea de un apicultor entre dos bandos enfrentados en guerra abierta... contada por el mayor escritor ucraniano contemporáneo: en un pueblo de apenas tres calles en la zona gris de Ucrania, la tierra de nadie disputada en 2014 entre las fuerzas ucranianas y los separatistas prorrusos, solo quedan dos residentes: Serguéi Sergueich, inspector de seguridad retirado convertido en apicultor, y Pashka Jmelenko, amigo y rival suyo desde sus días de escuela. Sin electricidad, con poca comida y bajo la constante amenaza de los bombardeos, el único placer que le queda a Sergueich son sus abejas, aletargadas por el invierno. Con la llegada de la primavera, tendrá que alejarlas de la zona gris para que puedan recolectar su polen en paz, una misión que lo llevará a conocer a combatientes y civiles de ambos lados de la línea de batalla. Su bondad irá desarmando a todos los que se crucen en su camino, convirtiendo la salvación de sus abejas en una metáfora sobre la vida en tiempos de guerra.",https://ww3.lectulandia.com/book/abejas-grises/,belico,2026-09-01,https://assets.lectulandia.com/b/ab/Andrei%20Kurkov/Abejas%20grises%20(5)/small.jpg
Compasión por el diablo,Kent Anderson,Bélico; Novela,Hanson,"Hanson, un joven universitario reclutado por el ejército durante la guerra de Vietnam, decide unirse al cuerpo de élite de las Fuerzas Especiales tras superar el adiestramiento básico. Con la boina verde y un libro de poemas de Yeats en el bolsillo del uniforme, Hanson viaja al país asiático y en sus primeras misiones descubre con cierta sorpresa que se le da bien el oficio de matar. Compasión por el diablo (1987) supuso el debut como escritor de Kent Anderson, veterano de la guerra de Vietnam condecorado con dos Estrellas de Bronce. Considerada «moralmente repugnante» por algunos críticos y un «clásico moderno» por otros, e inédita hasta ahora en castellano, la novela de Anderson es un aterrador y embriagante periplo por la violencia, la locura y la enfermiza belleza de la batalla.",https://ww3.lectulandia.com/book/compasion-por-el-diablo/,belico,2026-09-01,https://assets.lectulandia.com/b/ab/Kent%20Anderson/Compasion%20por%20el%20diablo%20(2)/small.jpg
El paladín,Brian Garfield,Bélico; Intriga; Novela,,"El paladín es una reconstrucción histórica que, basada en hechos reales, narra las extraordinarias aventuras de un joven de quince años que ingresó en 1940 en los servicios británicos de espionaje. Churchill necesitaba un agente que pudiera actuar al otro lado de las líneas alemanas sin levantar sospechas; tenía que ser, además, alguien que supiera guardar un secreto, dotado de iniciativa para la acción, duro hasta el extremo de matar a un compatriota a sangre fría, capaz de aguantar la tortura… Así empezó la insólita carrera de un agente secreto cuya actuación fue decisiva en la retirada de las tropas inglesas en Dunkerque, en la entrada de los norteamericanos en la guerra y en otros importantes acontecimientos bélicos de la época. La escrupulosa verosimilitud de los hechos y el vigor narrativo de Brian Garfield añaden realismo y suspense a este magnífico relato de intriga y aventuras.",https://ww3.lectulandia.com/book/el-paladin/,belico,2026-09-01,https://assets.lectulandia.com/b/ab/Brian%20Garfield/El%20paladin%20(1)/small.jpg
Nadie escapará,Hans Hellmut Kirst,Bélico; Distopía; Novela,,"Noticias de los últimos días de Europa. El malestar se extiende desde Polonia hasta Berlín. Aunque los políticos y militares del Este y del Oeste intentan controlar el levantamiento, se ven abrumados por los acontecimientos. En seis días, Europa se hunde en una caída que nadie quería. Los que prepararon la guerra perecen en ella. Los que no la querían también pagaron con su vida. Todo terminará en veinticuatro horas... En su informe sobre los últimos días de Europa, Hans Hellmut Kirst describe un acontecimiento que no ocurrió pero que podría sucedernos cualquier día: la Tercera Guerra Mundial, un gigantesco ataque nuclear que arrasa con todo lo que el hombre ha creado a lo largo de los siglos. Kirst no confió solo en su imaginación. La descripción del proceso político-militar y de la catástrofe nuclear se realizó con la colaboración de reconocidos expertos.",https://ww3.lectulandia.com/book/nadie-escapara/,belico,2026-09-01,https://assets.lectulandia.com/b/ab/Hans%20Hellmut%20Kirst/Nadie%20escapara%20(10)/small.jpg
Matadero cinco (trad. Temprano García),Kurt Vonnegut,Bélico; Ciencia ficción; Novela; Otros,,"Kurt Vonnegut quería escribir una novela sobre la guerra. Pero tenía dos problemas. El primero, que le hacía volver a lo que él había sufrido: sobrevivió al bombardeo de Dresde, el más cruento de la Segunda Guerra Mundial, y fue hecho prisionero de guerra. El segundo, que le daba pavor que llevasen la historia al cine (como le advirtió que pasaría una buena amiga suya) y la interpretase una gran estrella, un actor muy machote, y los niños quisiesen ir también a la guerra y las guerras no se acabaran nunca. Pero escribió esa novela, y se prometió que sería distinta a todas las demás. Que hablaría de «la cruzada de los niños». Y que en ella habría miedo y risa y viajes en el tiempo y ternura y estupor y sorpresa y fragilidad. Y esa novela se convirtió en la gran novela antibélica de todos los tiempos. En el emblema de la contracultura de los sesenta. En uno de los mayores clásicos de la narrativa estadounidense. En este libro que ahora sostiene el lector, en el que late el corazón asustado y risueño de Vonnegut dentro de un búnker bombardeado y también la promesa infantil (y bonita) de que no habrá más guerras.",https://ww3.lectulandia.com/book/matadero-cinco-trad-temprano-garcia/,belico,2026-09-01,https://assets.lectulandia.com/b/ab/Kurt%20Vonnegut/Matadero%20cinco%20(8)/small.jpg
El secuestro del Albatros,Federico Supervielle Bergés,Aventuras; Bélico; Novela,El Albatros,"Encañonando pescadores inocentes, China se está haciendo con el Índico. Aterrorizados, los marineros solo encuentran una respuesta: su propio barco de guerra. El Albatros tendrá que enfrentarse a la organización secreta más poderosa del mundo, haciendo frente a amenazas para las que solo están diseñados fragatas y destructores. La misión es peligrosa, pero cuando el mejor agente chino lo convierta en algo personal, se volverá suicida.",https://ww3.lectulandia.com/book/el-secuestro-del-albatros/,belico,2026-09-01,https://assets.lectulandia.com/b/ab/Federico%20Supervielle%20Berges/El%20secuestro%20del%20Albatros%20(6)/small.jpg
El diablo de Sharpe,Bernard Cornwell,Aventuras; Bélico; Histórico; Novela,Richard Sharpe,"Napoleón y la independencia de Chile, 1820-1821 El teniente coronel Richard Sharpe, veterano de las guerras napoleónicas, vive como agricultor en un tranquilo retiro desde la batalla de Waterloo, sucedida cinco años antes. Pero ahora, una vez más y sin preaviso, debe atender una misión peligrosa, que supondrá además para él una batalla moral. Don Blas de Vivar, capitán general de la colonia española de Chile y viejo amigo de Sharpe, ha desaparecido sin dejar rastro. Junto con el intrépido irlandés Patrick Harper, Sharpe se embarca en un arriesgado viaje que lo llevará primero a una entrevista inesperada con Napoleón, y luego a Chile, una tierra llena de corrupción y revuelta. Pero cuando la fortuna lo conduce a manos de Lord Cochrane, el legendario genio rebelde, comienza el verdadero combate. Por tierra y por mar, Sharpe se enfrenta a probabilidades imposibles: no sólo debe encontrar a Vivar, sino sobrevivir en un momento en que la tiranía gobierna, la injusticia abunda y Napoleón vuelve a acechar en el horizonte, ansioso por reavivar la guerra e incendiar la paz.",https://ww3.lectulandia.com/book/el-diablo-de-sharpe/,belico,2026-09-01,https://assets.lectulandia.com/b/ab/Bernard%20Cornwell/El%20diablo%20de%20Sharpe%20(61)/small.jpg
La presa de Sharpe,Bernard Cornwell,Aventuras; Bélico; Histórico; Novela,Richard Sharpe,"Richard Sharpe y la expedición a Copenhague, 1807 El teniente de fusileros Richard Sharpe vive un momento complicado: su amada, lady Grace Hale, ha muerto al dar a luz, los abogados se han quedado todas sus riquezas y, por si fuera poco, en su compañía ha quedado relegado al servil trabajo de intendente. Se está planteando incluso dejar el ejército cuando, por un encuentro casual, el mayor David Baird le asigna una misión secreta en Copenhague. Dinamarca es neutral, pero tiene una flota poderosa, y Sharpe debe evitar que los daneses entreguen sus barcos de guerra a Napoleón, que busca reemplazo para los navíos que perdió en la batalla de Trafalgar. Arrastrado a una brutal guerra de espionaje, Sharpe descubre que no es más que un peón listo para ser sacrificado… Pero, a veces, los peones también pueden cambiar el destino del juego, y, una vez descubierto el traidor, decide poner sus propias normas y convertirse en el cazador de la partida en medio de una ciudad asediada por las tropas británicas.",https://ww3.lectulandia.com/book/la-presa-de-sharpe/,belico,2026-09-01,https://assets.lectulandia.com/b/ab/Bernard%20Cornwell/La%20presa%20de%20Sharpe%20(62)/small.jpg
En honor a la verdad,Patrick Sheane Duncan,Bélico; Intriga; Novela,,"Más que una novela bélica, En honor a la verdad es un penetrante análisis sobre los efectos psicológicos de la guerra. El teniente coronel Nat Serling, desacreditado a causa de un error táctico que ha costado la vida a varios soldados, es designado para investigar los méritos de la capitán Karen Emma Walden, caída en combate durante la guerra del Golfo y candidata póstuma a la Medalla de Honor, nunca antes concedida a una mujer. En apariencia se trata de una misión de rutina pero Serling pronto descubrirá que en ciertas situaciones no es fácil trazar la frontera entre el valor y el miedo. Esta novela ha sido llevada al cine por el director Ed Zwick, con Meg Ryan y Denzel Washington como protagonistas. Patrick Sheane Duncan vive en Los Ángeles y es guionista de cine. Ésta es su primera novela.",https://ww3.lectulandia.com/book/en-honor-a-la-verdad/,belico,2026-09-01,https://assets.lectulandia.com/b/ab/Patrick%20Sheane%20Duncan/En%20honor%20a%20la%20verdad%20(1)/small.jpg
Guerrero,Simon Scarrow; T. J. Andrews,Bélico; Histórico; Novela,,"Confiados en sus letales legiones y su estrategia militar, Roma comienza la conquista de Britania en el 43 d. C. Y pronto, pese a lo difícil del terreno, logrará imponer su poder y su dominio en la mayor parte del territorio, dispersando y aniquilando a un enemigo dividido y mal preparado. Pero Carataco no está dispuesto a rendirse. El ingenioso hijo menor de un rey tribal ha sido entrenado desde su nacimiento para ser el mejor de los guerreros y liderar a su pueblo. Tras ser instruido en la niñez por los druidas, el duro y constante entrenamiento lo han convertido en un príncipe fuerte y astuto, y está dispuesto a regresar al reino de su padre para encabezar la rebelión. Y será así, bajo sus órdenes, como los pueblos de Britania se preparen para repeler a un enemigo que no espera batalla alguna. Pero los britanos no luchan sólo por conservar la vida, sino también por su propia cultura, su tierra y sus gentes. Y todo ello los convierte en un oponente muy peligroso. Ahora, al fin, la batalla está a punto de empezar…",https://ww3.lectulandia.com/book/guerrero-simon-scarrow/,belico,2026-09-01,https://assets.lectulandia.com/b/ab/Simon%20Scarrow/Guerrero%20(27)/small.jpg
La voz de los valientes,Rafael Tarradas Bultó,Bélico; Histórico; Novela,,"En tiempos de paz jugaban a ser otros. En tiempos de guerra descubrieron quiénes eran en realidad. «Acordaos de los que arriesgaron, de los que se levantaron, de los que murieron por el bien. Acordaos de los que no se agacharon, de los que supieron amar en tiempos de odio. prométeme que recuerda lo que es importante. Prométeme eso. Recuerda lo importante. Es en tiempos como estos cuando la vida nos hace elegir y, al elegir, nos definimos a nosotros mismos». Baviera, Alemania. El castillo de Fallstein es uno de los más fastuosos de la zona, pero lejos de ser un remanso de paz alejado del frente, Hilda Sagnier ha visto cómo la guerra y sus consecuencias han entrado con fuerza en sus salones, como su marido, el prestigioso conde bávaro. de Fallstein, ha sido completamente seducido por Hitler. Decidida a luchar por lo que cree, la condesa no dudará en arriesgar su vida, sobrepasar sus límites y fingir ser quien no es para ayudar a los perseguidos del régimen. Mientras tanto, en Barcelona, ​​los nazis comienzan a entretener a José Manuel, pero el empresario sabe exactamente cuál es su objetivo. Él, que fue espía durante la Guerra Civil Española, pronto se verá envuelto en la misión más secreta y de capital importancia, una misión que le llevará a mezclarse con la élite alemana e interactuar con la alta sociedad de Postdam. Allí, donde todos se relajan y hablan más de lo necesario, el espía debe encontrar y destruir el arma en la que los alemanes confían su victoria. Hilda y José Manuel, dos españoles en el corazón del Tercer Reich, descubrirán que, en tiempos de guerra, nadie es quien dice ser y que a veces la urgencia y el peligro son los mejores aliados para que afloren el amor y los verdaderos sentimientos.",https://ww3.lectulandia.com/book/la-voz-de-los-valientes/,belico,2026-09-01,https://assets.lectulandia.com/b/ab/Rafael%20Tarradas%20Bulto/La%20voz%20de%20los%20valientes%20(3)/small.jpg
Patologías,Zajar Prilepin,Bélico; Novela,,"Yegor Tashevski forma parte de una de las temidas unidades de las Fuerzas Especiales del Ejército ruso destinadas a Chechenia. Ha recibido la instrucción necesaria para llevar a cabo las operaciones más arriesgadas con eficacia y coraje, y sin embargo la primera visión de una Grozni arrasada y desprovista de vida aparente, y la posibilidad de que en cualquier parte aparezcan guerrilleros chechenos, suscita en Yegor un miedo asfixiante que se filtra en todos sus pensamientos. Junto a sus compañeros, los «cazadores» más eficaces del ejército ruso, Yegor se verá muy pronto inmerso en una guerra de guerrillas que lo convertirá en presa de un enemigo invisible y lo enfrentará a otra amenaza, tal vez, peor: la locura. Patologías no es una novela ideológica, no analiza los motivos o intereses que llevaron a unos y otros a la guerra de Chechenia. Es el crudo y estremecedor testimonio de alguien que participó, y salió vivo, de un conflicto devastador que no parece tener fin.",https://ww3.lectulandia.com/book/patologias/,belico,2026-09-01,https://assets.lectulandia.com/b/ab/Zajar%20Prilepin/Patologias%20(1)/small.jpg
Vuelo final,Stephen Coonts,Bélico; Intriga; Novela,Jake Grafton,"Tras una travesía particularmente prolongada el portaaviones norteamericano United States llega al puerto de Nápoles y su tripulación goza del primer permiso en meses. Pero algo no sale bien. Algunos marineros no regresan al portaaviones y una hermosa periodista norteamericana que subió a bordo del United States en Tánger puede resultar no ser una periodista… ni siquiera norteamericana. Cuando uno de los hombres de Jake Grafton presencia en un hotel de Nápoles un intento de asesinato cometido por esta mujer Grafton se da cuenta de que la situación es aún mucho más grave de lo que creía. Lo que no sabe es que el coronel Qazi un terrorista internacional planea abordar el United States y robar algunas armas nucleares de su fuertemente custodiado arsenal. Asimismo ignora que él con más de cuarenta años y con trastornos en la visión es el único que puede detener a Qazi en un terrible combate aéreo hombre a hombre, un vuelo final.",https://ww3.lectulandia.com/book/vuelo-final-stephen-coonts/,belico,2026-09-01,https://assets.lectulandia.com/b/ab/Stephen%20Coonts/Vuelo%20final%20(2)/small.jpg
La amante del oficial,Pam Jenoff,Bélico; Histórico; Novela; Romántico,The Kommandant's Girl,"Emma Bau sólo llevaba casada tres semanas cuando los tanques nazis entraron en su Polonia natal. Unos días después, su marido se vio obligado a desaparecer, y ella acabó prisionera en el gueto judío de Cracovia, hasta que la resistencia la sacó de allí. Entonces, Emma adoptó una falsa identidad y renunció a su religión. La precaria situación de Emma no hizo más que empeorar cuando conoció al comandante Richwalder, un alto oficial nazi que la contrató como ayudante. La resistencia comenzó a presionarla para que utilizara su privilegiada posición para recabar información sobre la ocupación nazi y Emma se vio obligada a poner en peligro su vida y sus votos matrimoniales, para ayudar a la causa. Al mismo tiempo que se intensificaban las atrocidades de la guerra, lo hacía también la relación de Emma y el comandante hasta llegar a un punto en el que no sólo pondría en peligro su vida sino también la de aquéllos a los que más quería.",https://ww3.lectulandia.com/book/la-amante-del-oficial/,belico,2026-09-01,https://assets.lectulandia.com/b/ab/Pam%20Jenoff/La%20amante%20del%20oficial%20(5)/small.jpg
Tomochic,Heriberto Frías,Bélico; Novela,,"En 1892 el Noveno Batallón del Ejército Mexicano, al cual pertenecía el joven Heriberto Frías, inició campaña contra los habitantes revoltosos de Tomochic, Chihuahua, al cabo de la cual aquella población fue aniquilada. La memoria del suceso desgarró el espíritu de Frías, quien debido a su formación y experiencias, albergaba tendencias revolucionarias. Tiempo después, encuentra un artículo periodístico que describe la campaña de Tomochic. Indignado ante lo falseado del relato, escribe su versión del suceso, desfavorable al gobierno federal. El manuscrito es publicado como anónimo por un periódico oposicionista, esto suscita el escándalo público debido a las injusticias perpetradas por el régimen contra los tomochitecos, hecho que ocasionaría la clausura del periódico y la persecución de Frías, en quien recaía la sospecha de ser el autor. Tras algunos cambios de estilo y adición de detalles y episodios, Tomochic se transformó de una crónica algo precipitada e incipiente en una novela digna de un lugar en las letras mexicanas.",https://ww3.lectulandia.com/book/tomochic/,belico,2026-09-01,https://assets.lectulandia.com/b/ab/Heriberto%20Frias/Tomochic%20(1)/small.jpg
Rendidos,Lee Chang-rae,Aventuras; Bélico; Novela; Romántico,,"June Han se ha forjado una vida a miles de kilómetros del lugar donde nació: ha montado su negocio en Nueva York. Pero en su pasado hay secretos de los que no ha hablado jamás con nadie, y treinta años después de escapar de una Corea destruida por la guerra, ha llegado la hora de enfrentarse a ellos. Hector Brennan, «un fracasado de principio a fin», es el hombre que hace ya mucho tiempo salvó la vida de June. Y entre June y Hector está la historia de la hermosa y desgarrada Sylvie Tanner, cuyo amor perseguían ambos. En una travesía que los lleva desde una Corea en ruinas hasta un antiguo campo de batalla italiano, June y Hector van en busca de su pasado, unidos por un legado de espanto, violencia y amor. Lee Chang-rae propone una profunda meditación sobre la naturaleza del heroísmo y el sacrificio, el poder del amor y la posibilidad de salvarnos, de rendirnos el uno al otro.",https://ww3.lectulandia.com/book/rendidos/,belico,2026-09-01,https://assets.lectulandia.com/b/ab/Lee%20Changrae/Rendidos%20(1)/small.jpg
Las cuatro plumas (Trad. revisada),A. E. W. Mason,Aventuras; Bélico; Novela,,"La historia comienza en Inglaterra, en 1869, cuando el pequeño Harry queda impresionado por los relatos de guerra de su padre, un veterano general de Crimea, y sus viejos compañeros de armas. Años después, Harry Feversham es uno de los soldado británicos de más impecable reputación, pero, tras haber renunciado a unirse a su regimiento para una arriesgada campaña en Sudán a causa de su inminente boda con la bella Ethne, recibe una inequívoca acusación de cobardía: tres plumas blancas enviadas por sus amigos. Su amada arranca del abanico la cuarta y última pluma y rechaza contraer matrimonio con un cobarde. Consternado, decide entonces embarcarse en solitario en auxilio de sus compañeros. Y no le faltará ocasión para demostrar su valentía, ya que su batallón ha sido víctima de un devastador ataque de los rebeldes sudaneses. La vida de Feversham estará, desde ese momento, en riesgo constante, pero el sentido de la amistad y el honor moverán los hilos de su destino. Adaptada en cuatro ocasiones para el cine, Las cuatro plumas es uno de los clásicos más notables de la novela de aventuras, una obra maestra sobre los valores eternos de la amistad y el más delicioso romanticismo. No en balde, la novela está construida sobre una verdad que no podemos olvidar, pues, a veces la vida otorga la más inesperada de la bendiciones: una segunda oportunidad.",https://ww3.lectulandia.com/book/las-cuatro-plumas-trad-revisada/,belico,2026-09-01,https://assets.lectulandia.com/b/ab/A%20E%20W%20Mason/Las%20cuatro%20plumas%20Trad%20revisada%20(1)/small.jpg
El perro de la guerra y el dolor del mundo,Michael Moorcock,Bélico; Drama; Fantástico; Novela,,"El Duque Arioch extiende sus alas. Podíamos sentir el pútrido olor de la carne muerta; manos cadavéricas se esforzaban por apresarnos. Y había otras que se acercaban tras los primeros jinetes: cosas que corrían, medio monos, medio hombres, con bandas de cuero anudado, con picas y mazas de madera, con dientes como defensas. Y tras ellos venían guerreros de trostro delgado y cuerpo esbelto, de cabellera gris flotando al viento, con libreas blancas y verdes, sin coraza. Llevaban grandes espadas de doble mano y guiaban los caballos con los muslos. Y junto a ellos había demonios, con cuernos y llenos de pústulas, cabalgando en monturas monstruosas, y había mujeres cuyos dientes habían sido limados para que tuvieran punta, y mujeres con jetas de cerdo, y apariciones cuya carne parecía líquida.",https://ww3.lectulandia.com/book/el-perro-de-la-guerra-y-el-dolor-del-mundo/,belico,2026-09-01,https://assets.lectulandia.com/b/ab/Michael%20Moorcock/El%20perro%20de%20la%20guerra%20y%20el%20dolor%20del%20mundo%20(17)/small.jpg
A las 82 horas de la III Guerra Mundial,Domingo Pastor Petit,Bélico; Drama; Novela,,"¿Por qué no pudieron ni supieron, la Casa Blanca y el Kremlin evitar la III Guerra Mundial…? Esta obra de ficción ofrece una hipótesis -quizá la más verosímil y probable- acerca del peligro de lo que puede ocurrir si no se evitan ciertas trampas de terceros… Y lo que puede suceder en un conflicto de tal naturaleza es… la total destrucción del planeta Tierra. Con las actuales reservas de armas ABQ se puede matar cientos de veces todo vestigio de vida animal o vegetal y provocar cataclismos planetarios que hagan luego inhabitable nuestro mundo. Esta obra, escrita por un conocido espiólogo, describe las luchas CIA-KGB en España, así como la actual problemática internacional con los furúnculos de siempre: Imperialismo, Golpismo, Maquiavelismo de la lucha subterránea, Terrorismo, etc. El autor ha utilizado una información fidedigna y rigurosamente científica. En consecuencia, esta terrorífica hipótesis puede convertirse mañana -hoy, lector- en una realidad apocalíptica e irreversible. Todos podemos influir para que no se produzca este suicida estallido, pero fundamentalmente los políticos y militares de la URSS y de los Estados Unidos. Esta obra constituye, pues, un aviso y un ejemplo.",https://ww3.lectulandia.com/book/a-las-82-horas-de-la-iii-guerra-mundial/,belico,2026-09-01,https://assets.lectulandia.com/b/ab/Domingo%20Pastor%20Petit/A%20las%2082%20horas%20de%20la%20III%20Guerra%20Mundial%20(1)/small.jpg
Posthoméricas,Quinto de Esmirna,Aventuras; Bélico; Poesía,Biblioteca Clásica Gredos,"Quinto de Esmirna, autor del que se tienen muy pocos datos, y no del todo fiables, compuso, en torno a los siglos III o IV de nuestra era, las Posthoméricas , poema en catorce libros cuya finalidad era seguir el ciclo épico troyano allí donde lo dejó Homero y convertirse en continuación natural de la Ilíada .",https://ww3.lectulandia.com/book/posthomericas/,belico,2026-09-01,https://assets.lectulandia.com/b/ab/Quinto%20de%20Esmirna/Posthomericas%20(1)/small.jpg
Cuentos de la Guerra Civil,Ambrose Bierce,Bélico; Relato,,"En 1861, tras un año en una academia militar, Ambrose Bierce se alistó en el Noveno Regimiento de Voluntarios de Indiana. Participó en algunas de las batallas más sangrientas de la Guerra Civil norteamericana, incluyendo la de Chickamauga, donde 34 000 hombres perdieron la vida. Arriesgó su pellejo en dos ocasiones para rescatar a compañeros caídos y, en 1864, resultó gravemente herido en la batalla de Kennesaw. Los cuentos de esta selección constituyen algunos de los mejores ejemplos de la obra de Bierce. Apoyándose sólidamente en su propia experiencia bélica, describe el lado oscuro de la naturaleza humana. Con un estilo sombrío y resuelto, da vida a personajes esculpidos por una época feroz y que reflejan su propia personalidad: alienación, agudeza irónica y fatalismo.",https://ww3.lectulandia.com/book/cuentos-de-la-guerra-civil/,belico,2026-09-01,https://assets.lectulandia.com/b/ab/Ambrose%20Bierce/Cuentos%20de%20la%20Guerra%20Civil%20(11)/small.jpg
La rosa de California,Jesús Maeso de la Torre,Bélico; Histórico; Novela,,"Año del Señor de 1781, misión de San Gabriel, California. El padre prior, fray Daniel Cepeda, alarmado ante la oleada de asaltos de los indios yumas (cuya inequívoca y cruel firma es dejar clavados, a la vista de todo el mundo, los despojos de sus víctimas con espinas del arbusto conocido como «rosa de California») escribe alarmado al gobernador y capitán general don Felipe de Neve solicitando el amparo de los dragones de su majestad el rey. Los indómitos guerreros yuma, entre ellos la joven Luna Solitaria, son cada vez más temibles en sus incursiones. Si antes habían sido los comanches sus objetivos de sangre, ahora eran los blancos y en especial los frailes de las misiones hispanas y quienes vivían en ellas, mestizos, criollos y mexicanos. Deberán ahora enfrentarse a las tropas del capitán de dragones Martín de Arellano, conocido en todo el virreinato de Nueva España, desde las selvas de Guatemala hasta Arkansas, como el Capitán Grande, como lo llamaban los comanches tónkawas, los siri, wichitas y yumas.",https://ww3.lectulandia.com/book/la-rosa-de-california/,belico,2026-09-01,https://assets.lectulandia.com/b/ab/Jesus%20Maeso%20de%20la%20Torre/La%20rosa%20de%20California%20(17)/small.jpg
Los favores de la Fortuna,Frederic Manning,Bélico; Novela,,"El soldado raso Bourne, voluntario del ejército británico destinado al Somme, no es como los demás: su poca presencia física y su manera respetuosa de hablar indican que se trata de un hombre educado y de buena posición. En el ejército, Bourne es una anomalía que sus superiores insisten en corregir ofreciéndole promoción. Pero Bourne, sin heroísmo, sin convicciones, de un modo que a todos resulta enigmático, se resiste a abandonar a sus compañeros y a librarse del sombrío destino reservado a quienes combaten en el lodazal del Somme bajo una lluvia de acero. Publicada por primera vez en 1929 con seudónimo —debido al carácter escandaloso de su crudo realismo y de su fiel reproducción del lenguaje soez de los soldados—, Los favores de la Fortuna se nutre de las experiencias de Frederic Manning como soldado raso en la batalla del Somme —la más sangrienta de la historia del ejército británico— y de un talento literario único. Considerada hoy en día un clásico indiscutible de la literatura de la Gran Guerra, suscitó encendidos elogios de ilustres como T. E. Lawrence, T. S. Eliot, E. M. Forster, Ezra Pound y Ernest Hemingway, quien afirmaba leerla todos los años «para recordar cómo fueron realmente las cosas, de manera que nunca tenga que mentirme ni a mí ni a nadie sobre esto».",https://ww3.lectulandia.com/book/los-favores-de-la-fortuna/,belico,2026-09-01,https://assets.lectulandia.com/b/ab/Frederic%20Manning/Los%20favores%20de%20la%20Fortuna%20(1)/small.jpg
El partisano Johnny,Beppe Fenoglio,Bélico; Novela,,"Un joven estudiante italiano, crecido en el mito de la literatura y el mundo inglés, decide unirse, tras la desbandada del ejército italiano del 8 de septiembre de 1943, a los partisanos que luchan en las colinas del norte de Italia contra los nazis y los fascistas. Pronto descubrirá amargamente que la vida partisana se encuentra muy alejada del ideal que había alimentado; sin embargo, Johnny —su nombre de guerra— no abandonará la temeraria determinación de combatir en las colinas, derrota tras derrota, contra un enemigo muy superior. La epopeya de Johnny, parecida a la de muchos jóvenes antifascistas de aquella generación, adquiere en el relato de Fenoglio, a través de un lenguaje en perpetua invención, una dimensión existencial que solo encontramos en las grandes obras de la literatura universal. El partisano Johnny , traducida ahora por primera vez al castellano, es una las novelas más relevantes de la literatura italiana del siglo XX, y uno de los relatos sobre juventud en guerra más hermosos jamás escritos.",https://ww3.lectulandia.com/book/el-partisano-johnny/,belico,2026-09-01,https://assets.lectulandia.com/b/ab/Beppe%20Fenoglio/El%20partisano%20Johnny%20(1)/small.jpg
Los mártires de Pyongyang,Richard E. Kim,Bélico; Novela; Otros,,"Durante las primeras semanas de la Guerra de Corea, el joven capitán Lee del ejército de Corea del Sur recibe el encargo de investigar el secuestro y asesinato de varios sacerdotes cristianos por parte de las fuerzas comunistas. La propaganda de guerra quiere convertir en mártires a los sacerdotes, pero el capitán Lee alberga dudas sobre el comportamiento de los religiosos ante el pelotón de fusilamiento. El silencio de un sacerdote superviviente no hace más que acrecentar el enigma sobre lo que realmente aconteció, y el capitán Lee se pregunta a sí mismo si es legítimo maquillar la verdad en aras de la causa bélica. Pero a medida que el enigma sea progresivamente revelado, el capitán Lee se verá enfrentado a una verdad cuya naturaleza excede los límites de la maquinaria de la guerra.",https://ww3.lectulandia.com/book/los-martires-de-pyongyang/,belico,2026-09-01,https://assets.lectulandia.com/b/ab/Richard%20E%20Kim/Los%20martires%20de%20Pyongyang%20(1)/small.jpg
Minué para guitarra,Vitomil Zupan,Bélico; Novela,,"Tras evadirse del campo de concentración italiano de Gonars, donde estaba encerrado como miembro del Frente de Liberación Nacional de Eslovenia, Jakob Bergant «Berk» regresa a Ljubljana. La ciudad, tomada por los alemanes, no es un lugar seguro y Berk decide unirse a los partisanos que luchan contra el poderoso ejército alemán en las colinas próximas a la capital eslovena. En compañía de un heterogéneo grupo de hombres inexpertos y mal equipados, Berk hará frente al invasor alemán mientras trata de procurarse un rifle en condiciones. A la cruda narración de la experiencia bélica, el autor yuxtapone las conversaciones de Berk, de vacaciones en Mallorca treinta años después, con un antiguo soldado alemán que combatió en la misma zona. Los dos hombres tratan de dar sentido a sus recuerdos bélicos en una danza macabra que les devuelve al pasado y mina las certezas de cada uno. Publicada originalmente en 1975 e inédita en castellano, Minué para guitarra es una ficción magistral sobre los horrores y las pequeñas comedias de la guerra, así como una exploración de la moralidad en un periodo convulso de la historia reciente de Europa.",https://ww3.lectulandia.com/book/minue-para-guitarra/,belico,2026-09-01,https://assets.lectulandia.com/b/ab/Vitomil%20Zupan/Minue%20para%20guitarra%20(1)/small.jpg
"Hart, el zulú",Saul David,Aventuras; Bélico; Histórico; Novela,Un mestizo al servicio del Imperio,"George Hart sólo quiere servir a su patria y honrar a su familia. Pero eso no es fácil para un joven hijo de una actriz mulata y de un hombre del que sólo sabe que ocupa una importante posición social y que le ha puesto unas durísimas condiciones para acceder a una cuantiosa suma de dinero que le proporcionará tranquilidad tanto a él como a su madre. A pesar de los obstáculos que su origen y el color de su piel plantean, Hart consigue iniciar una prometedora carrera en el ejército. Hasta que debido a un asesinato más o menos fortuito, se ve obligado a viajar a Sudáfrica, donde pretende entrar en el negocia de las explotaciones mineras. Sin embargo, al estallar las guerras zulús, decide alistarse voluntario, sin saber que ello le obligará a luchar contra su propia familia.",https://ww3.lectulandia.com/book/hart-el-zulu/,belico,2026-09-01,https://assets.lectulandia.com/b/ab/Saul%20David/Hart%20el%20zulu%20(3)/small.jpg
El relojero de la guerra,Luis Mollá Ayuso,Bélico; Histórico; Novela,,"Scapa Flow fue la principal base naval inglesa durante las dos guerras mundiales del siglo XX. Gracias a su ubicación estratégica en las islas Orcadas, al norte de Escocia, sirvió como atalaya para controlar los intentos de salida de las unidades navales alemanas confinadas en sus dos bases principales en el Báltico y mar del Norte, cuyas aspiraciones eran buscar la salida al Atlántico por el norte de la Gran Bretaña para actuar como corsarios en cualquier parte del Imperio británico. De este modo Scapa Flow y la Home Fleet que albergaba se consolidaron como los principales objetivos de la Marina alemana en ambas guerras. En la Primera dos submarinos intentaron penetrar en la defendida rada de la base naval siendo ambos detectados y hundidos, y se dice que, dentro de los movimientos migratorios que se produjeron al final de esta guerra, un espía alemán pudo haber sido infiltrado en el entorno de la base, donde habría comenzado a preparar la incursión de un submarino alemán al principio de la Segunda. Los archivos de la Abwehr, el CNI alemán, fueron quebrados por los ingleses tras la Gran Guerra y todos los agentes de campo alemanes neutralizados. Todos menos uno apodado Comadreja, que nunca fue localizado y pudo haber dirigido el ataque del submarino U-47 en la rada de Scapa Flow que culminó con el hundimiento del crucero Royal Oak. Esta es la historia de los movimientos y maniobras de Comadreja para posicionarse en Scapa Flow, de los preparativos y la incursión del U-47 en la ensenada de base naval y de la ayuda que pudo recibir su comandante Günther Prien por parte del escurridizo espía. En definitiva, una novela que trata de la más interesante partida de ajedrez de aquellas guerras, la sostenida entre el agente secreto Comadreja y Winston Churchill, la astucia contra la inteligencia.",https://ww3.lectulandia.com/book/el-relojero-de-la-guerra/,belico,2026-09-01,https://assets.lectulandia.com/b/ab/Luis%20Molla%20Ayuso/El%20relojero%20de%20la%20guerra%20(3)/small.jpg
Las aventuras de Wesley Jackson,William Saroyan,Bélico; Drama; Novela,,"La novela recoge las impresiones que recibe el joven recluta Wesley Jackson al incorporarse a la unidad del ejército norteamericano destinada a combatir en la II Guerra Mundial. El protagonista describe el estado de ánimo de la tropa, su rechazo a la disciplina y la falta de entusiasmo ante un futuro incierto en el que se juegan la vida. Saroyan (1908-1981) escribió este relato por encargo del ejército de los Estados Unidos, sin que llegara a publicarse debido a las dificultades surgidas con la censura. Las críticas a la falta de humanidad de los mandos y la denuncia de la corrupción y de la crueldad de la guerra explican la decisión tomada. Sin embargo, el joven Wesley no duda en cumplir con su deber, acata las órdenes recibidas y no vacila en arriesgar su vida en defensa de los compañeros. Junto al drama de la guerra se narran episodios divertidos que reflejan con acierto la ingenuidad de los soldados frente a unos jefes que arriesgan la vida de sus hombres en lucimiento propio. Saroyan acredita en esta novela su indudable calidad literaria al exponer, de modo sutil e inteligente, la mentalidad del pueblo llano y su escaso interés ante los conflictos internacionales. En relación a la conducta de los soldados con la bebida y las mujeres, el autor se muestra comprensivo en exceso y los considera una reacción instintiva ante la inmoralidad de la guerra. No obstante, las alusiones a esto tipo de episodios evitan incurrir en detalles morbosos o de mal gusto.",https://ww3.lectulandia.com/book/las-aventuras-de-wesley-jackson/,belico,2026-09-01,https://assets.lectulandia.com/b/ab/William%20Saroyan/Las%20aventuras%20de%20Wesley%20Jackson%20(9)/small.jpg
Ilión,Mario Villén Lucena,Bélico; Histórico; Novela,,"«Canta, oh, musa…», comienza a recitar el aeda, e inmediatamente volamos a la Grecia de la antigüedad. Allí, donde la leyenda, el mito y la historia se difuminan, Homero nos recibe en la llanura. Helena de Esparta, bella entre todas las mujeres, ha sido raptada por Paris, príncipe troyano. Menelao, como esposo y rey, promete venganza, y pronto los ejércitos aqueos, comandados por su hermano Agamenón, cruzan el mar para asediar Troya. Ahora, diez años después, la profecía está a punto de cumplirse. Pronto la sangre y los sueños perdidos cubrirán la llanura. Dos grandes héroes son el símbolo de cada bando: el pélida Aquiles, el de las grebas de oro, y Héctor de Troya, el domador de caballos. Junto a ellos, Príamo, Áyax el Grande, Diomedes, Patroclo, e incluso el astuto Ulises. Pero no es sólo por una cuestión de honor por lo que se enfrentan aqueos y troyanos, tampoco por el rescate de Helena: el control sobre el Helesponto está en juego. Y todo pende de un hilo… hasta que estalla la cólera de Aquiles. Bien conocida es por todos la epopeya que Homero nos legó en la Ilíada . Pero ahora Mario Villén, aun respetando el tono épico y los acontecimientos, insufla vida a esos personajes, los hace respirar y sentir y los empuja hacia su destino en una narración brillante que deja sin aliento. Porque esto, lector, no es la Ilíada , sino Ilión",https://ww3.lectulandia.com/book/ilion-mario-villen-lucena/,belico,2026-09-01,https://assets.lectulandia.com/b/ab/Mario%20Villen%20Lucena/Ilion%20(4)/small.jpg
Asán,Vladimir Makanin,Bélico; Novela; Realista,,"Aleksandr Zhilin no es un soldado ejemplar, es un mero intendente obligado a comerciar con carburantes para sobrevivir; vende, sin escrúpulo alguno, tanto a los chechenos como a los federales, ya que, en esta terrible confrontación, el dinero es el único denominador común. Una remota leyenda caucásica cuenta que Asán era un ser alado y sangriento cuyo rastro parece haberse desvanecido con el tiempo, pero que resurge a través del santo y seña de los insurgentes, «Asán ansía sangre». Sin embargo, para Zhilin la consigna del enemigo no es otra que «Asán ansía dinero», ya que en el mundo que recrea Makanin, con su prosa vívida y descarnada, sangre y dinero son intercambiables. El lector se encontrará con un fresco al estilo impresionista no solo de la Rusia postsoviética, sino también de la guerra, ese extravío capaz de avivar la crueldad incluso en los más inocentes.",https://ww3.lectulandia.com/book/asan/,belico,2026-09-01,https://assets.lectulandia.com/b/ab/Vladimir%20Makanin/Asan%20(1)/small.jpg
La maternidad de Elna,Mario Escobar,Bélico; Histórico; Novela,,"La Maternidad situada en el Château d’en Bardou, desempeñó un gran labor solidaria durante la II Guerra Mundial gracias al esfuerzo de la enfermera suiza Elisabeth Eidenbez y la colaboración del Service Civil International de Suiza. Su primordial misión fue la de albergar y cuidar a mujeres embarazadas españolas, judías o gitanas, muchas de ellas con niños pequeños, que se encontraban internadas en los campos de concentración del sureste de Francia. Fundada en 1939, la maternidad se instaló en un palacete semiabandonado a las afueras de Elne. La Cruz Roja Internacional fue su principal suministradora de alimentos, medicinas y biberones. La maternidad tenía unas 50 camas y cada habitación estaba identificada con el nombre de una ciudad española, francesa o suiza. La maternidad de Elna es una novela fascinante sobre la historia real acontecida en…",https://ww3.lectulandia.com/book/la-maternidad-de-elna/,belico,2026-09-01,https://assets.lectulandia.com/b/ab/Mario%20Escobar/La%20maternidad%20de%20Elna%20(68)/small.jpg
En otros parques donde estar ardiendo,Jorge González Aranguren,Bélico; Novela,,"En otros parques donde estar ardiendo es la novela de la guerra y el azar; un relato que pone de manifiesto la fragilidad de las cosas por las que luchamos, su contingencia. Y es, curiosamente, una novela sin buenos ni malos, o con buenos y malos que no saben que lo son: historia de unos seres patéticos abrazados en el caliente abismo de su tiempo y de sus vidas; criaturas que se aferran a su esperanza, que alientan con dolor, o con gozo vertiginoso, solo por y para ella. Finalista del Premio Nadal 1980.",https://ww3.lectulandia.com/book/en-otros-parques-donde-estar-ardiendo/,belico,2026-09-01,https://assets.lectulandia.com/b/ab/Jorge%20Gonzalez%20Aranguren/En%20otros%20parques%20donde%20estar%20ardiendo%20(1)/small.jpg
La venganza de Alhucemas,Federico Supervielle Bergés,Aventuras; Bélico; Novela,El Albatros,"La hora del Gran Marruecos ha llegado. Pero ni el ataque será como piensas ni la defensa la que esperabas. Alentado por el poder del narcotráfico y valiéndose de las profundidades del Mediterráneo, un influyente marroquí pretende poner en jaque a España. ¿La respuesta? Una operación secreta ejecutada por un barco de guerra privado. La expansión territorial desencadenaría una guerra a gran escala. El golpe de Estado desestabilizaría todo el Magreb. La hora de la venganza ha llegado.",https://ww3.lectulandia.com/book/la-venganza-de-alhucemas/,belico,2026-09-01,https://assets.lectulandia.com/b/ab/Federico%20Supervielle%20Berges/La%20venganza%20de%20Alhucemas%20(5)/small.jpg
El hombre que nunca existió y Operación Desengaño,Duff Cooper; Ewen Montagu,Bélico; Crónica; Historia; Novela,Reino de Redonda,"En la madrugada del 30 de abril de 1943, un cadáver con el uniforme de oficial de Real Infantería de Marina británica fue arrojado a las aguas cercanas a la costa sudoccidental de España. Llevaba una cartera que contenía documentos con los detalles de una inminente invasión Aliada de Grecia. Como habían previsto los británicos, el gobierno supuestamente neutral de la España franquista entregó esos documentos al Alto Mando nazi, que se tragó la historia de cabo a rabo. Quizá fue el engaño más decisivo de todos los tiempos, porque los Aliados no tenían semejante plan: el propósito de la así llamada ""Operación Carne Picada” era confundir al Alto Mando alemán sobre su verdadero objetivo: un ataque a la Europa meridional a través de Sicilia. Aunque oficialmente secreta, la operación se hizo pronto legendaria (en parte debido a la costumbre de Churchill, durante la postguerra, de contar la historia en cenas) y dio origen a dos libros muy diferentes. En 1950 apareció la incisiva novela Operación Desengaño , de Duff Cooper, una narración novelada, que el gobierno intentó retirar. Su publicación llevó a los Servicios de Inteligencia a apremiar a Ewen Montagu, el cerebro de la operación, para que escribiera el relato verdadero, El hombre que nunca existió . Aquí presentamos ambas narraciones, la ficticia y la verídica, de una de las mayores operaciones de Inteligencia jamás emprendidas, con un prólogo del gran historiador John Julius Norwich, hijo de Duff Cooper.",https://ww3.lectulandia.com/book/el-hombre-que-nunca-existio-y-operacion-desengano/,belico,2026-09-01,https://assets.lectulandia.com/b/ab/Ewen%20Montagu/El%20hombre%20que%20nunca%20existio%20y%20Operacion%20Desengano%20(1)/small.jpg
Mühlberg,Víctor Fernández Correas,Bélico; Histórico; Novela,,"«Vine, vi, y Dios venció», tales fueron las palabras de Carlos V tras la batalla de Mühlberg. Porque Mühlberg fue algo más que una batalla: históricamente fue el punto más álgido del imperio, y a la vez el comienzo de la decadencia del emperador. Comienza esta historia en las riberas del río Elba. Una, ocupada por las tropas imperiales españolas, lideradas por Fernando Álvarez de Toledo, duque de Alba; la otra, por los luteranos, comandados por Juan Federico de Sajonia. Y pronto la fuerte corriente del Elba, envuelta entre la niebla, se manchará de sangre… Pero no es ésta sólo la novela de los hechos, crudos, latentes, vivos aún, si no la de personajes inolvidables, más allá de los grandes nombres que han pasado a la Historia: los soldados Cristóbal de Mondragón y su amigo Diego Cubero, que se enfrenta a la muerte con la ayuda de la prostituta Dorothea; Baltasar Carrillo, arcabucero gaditano sediento de matar luteranos, y su compadre, más cabal, Íñigo Mendizábal; el espía Norbert Bachmann, inteligente mercenario, o Barthel Strauchmann, habitante de Mühlberg a quien deberán los imperiales la victoria… Ellos son unos pocos, pero hay muchos más. Y vale la pena conocerlos. Víctor Fernández Correas se adentra en una época y unos personajes que conoce como si hubiera estado allí y nos transporta al siglo XVI con una fuerza e ímpetu de forma así inconcebible. Con prosa certera, diálogos ágiles y unos personajes vivos como pocos, es Mühlberg una novela que va mucho más allá del género histórico. Una Novela en mayúsculas y quizás la mejor novela sobre la batalla de Mühlberg y sobre Carlos I escrita hasta la fecha.",https://ww3.lectulandia.com/book/muhlberg/,belico,2026-09-01,https://assets.lectulandia.com/b/ab/Victor%20Fernandez%20Correas/Muhlberg%20(2)/small.jpg
El matarife,Sándor Márai,Bélico; Drama; Novela; Realista,,"En El matarife, Sándor Márai -uno de los grandes escritores del siglo XX- reflexiona con brillantez y hondura hasta qué punto un ser humano puede modificar su propia naturaleza sometido a los estragos de una guerra despiadada y cruel. El indolente Otto Schwarz es un ejemplo escalofriante de abyección salvaje: para él, matar animales en un desolladero berlinés o soldados enemigos en el frente no supone una gran diferencia, sino una suerte de vocación. Sándor Márai ha sabido concentrar en un solo personaje el irreprimible trastorno psíquico que condujo a la Primera Guerra Mundial, con la irónica distancia y la fría concisión de un cronista, como algo perteneciente a una nueva y aterradora normalidad de la que es imposible salir indemne.",https://ww3.lectulandia.com/book/el-matarife-sandor-marai/,belico,2026-09-01,https://assets.lectulandia.com/b/ab/Sandor%20Marai/El%20matarife%20(11)/small.jpg
Tierra sangrienta,Bernard Cornwell,Bélico; Histórico; Novela,Crónicas de Starbuck,"A finales del verano de 1862, y tras derrotar repetidamente las incursiones del norte, la Confederación finalmente parece que puede conquistar los Estados Unidos de América. La invasión de los ejércitos supone una apuesta importante, pues a punto están de enfrentarse un pequeño contingente de hombres contra un ejército impresionante, y, para conseguir la victoria, Robert Lee necesitará a todos los soldados veteranos que sea capaz de reunir. Starbuck es uno de ellos, pero, en lugar de marchar como jefe de la legión Falcouner, le ha sido otorgado el mando del «batallón de castigo», conocido como «los pies amarillos», una unidad informe compuesta de fracasados y cobardes. Sus enemigos esperan que tal nombramiento lo lleve a la ruina, y él, consciente y apesadumbrado, sabe que, si quiere tener alguna posibilidad de éxito, debe demostrarles que están equivocados. Dispuesto a todo, liderará la destartalada unidad contra la guarnición del norte en Harper's Ferry, y luego cruzará la frontera hasta la orilla del Antietam. Su futuro y el de su país están en juego, y Starbuck deberá pelear en lo que será el día más sangriento de la historia de los Estados Unidos. Con esta novela se cierra la tetralogía de las Crónicas de Starbuck.",https://ww3.lectulandia.com/book/tierra-sangrienta/,belico,2026-09-01,https://assets.lectulandia.com/b/ab/Bernard%20Cornwell/Tierra%20sangrienta%20(44)/small.jpg
La captura de Macalé,Andrea Camilleri,Bélico; Drama; Novela; Realista,,"Sicilia, año de gracia de 1935, en plena guerra de Abisinia. Michelino es un niño de seis años, inteligente y precoz, que intenta asimilar lo que ocurre a su alrededor con los mecanismos propios de suedad, intuyendo las cosas aunque sin llegar a comprenderlas. Hijo de Gerlando Sterlini, fascista ejemplar y prohombre de Vigàta, Michelino se abre paso en un mundo enfermo y peligroso, descubriendo, demasiado rápido como para salir indemne, la cara oscura y miserable de los adultos. Numerosos personajes se entrelazan en el devenir diario de la vida de Michelino: desde los padres, tan lejanos como absortos en consumar sus pasiones y ambiciones, hasta el avieso profesor Gorgerino, pasando por el engañoso sacerdote Burruano,la irresistible prima Marietta o el cruel Balduzzo, héroe de la conquista de la ciudad africana de Macalé. Todos ellos contribuyen a transformar un despertar a la vida lleno de situaciones de tierna comicidad, en una tragedia que simboliza el horror de que es capaz el ser humano. Sobre el telón de fondo de una Italia provinciana inmersa en la complacencia ante una dictadura de éxitos deslumbrantes, Camilleri dibuja una realidad gris y brutal, anegada de corrupción y salpicada de episodios cotidianos de un dramatismo tan hilarante como sobrecogedor.Andrea Camilleri, hoy por hoy el escritor más popular de Italia y creador del entrañable comisario Salvo Montalbano, hace gala una vez más de su dominio magistral del lenguaje para crear exuberantes universos y personajes que nunca dejande conmover por su vigor y profundidad.",https://ww3.lectulandia.com/book/la-captura-de-macale/,belico,2026-09-01,https://assets.lectulandia.com/b/ab/Andrea%20Camilleri/La%20captura%20de%20Macale%20(51)/small.jpg
Bandera de batalla,Bernard Cornwell,Bélico; Histórico; Novela,Crónicas de Starbuck,"La batalla épica por el control de la capital confederada continúa durante el caluroso verano de 1862. Tras haber destacado en Cedar Moutain, la carrera de capitán confederado Nate Starbuck, yanqui norteño que lucha por la causa rebelde de sur, se ve amenazada una vez más. Consciente de que tiene que sobrevivir y ganar la batalla, no sólo debe liderar a su harapienta compañía en la amarga lucha contra el formidable ejército del norte, sino también contra sus propios superiores, a quienes no les gustaría nada más que verlo muerto. Porque la sospecha y la hostilidad de su comandante de brigada, el general Washington Faulconer, es más evidente que nunca. El resultado de la contienda, la sangrienta y espantosa segunda batalla de Manassas, va a cambiar drásticamente la fortuna de ambos hombres... Evocador e históricamente preciso, Bernard Cornwell continúa con Bandera de batalla la impresionante serie de aventuras de Natan Starbuck en algunos de los campos de batalla más decisivos de la guerra civil estadounidense.",https://ww3.lectulandia.com/book/bandera-de-batalla/,belico,2026-09-01,https://assets.lectulandia.com/b/ab/Bernard%20Cornwell/Bandera%20de%20batalla%20(45)/small.jpg
Ángeles de acero,Nicholas C. Prata,Bélico; Histórico; Novela,,"1565. El Imperio otomano se yergue como un coloso sobre los reinos cristianos, sus tropas victoriosas en los campos de batalla, su ambición sin límite ni freno. Frente a él, una Europa dividida, incapaz de presentar un frente unido al decidido asalto turco. El siguiente objetivo del sultán Solimán el Magnífico es la isla de Malta. Su caída a manos musulmanas abrirá el Mediterráneo a los ejércitos otomanos y significará sin duda la ruina de la civilización occidental. Los Caballeros de San Juan del Hospital, aquéllos que tiempos posteriores recordarán como los Caballeros Hospitalarios, son el firme baluarte de la Cristiandad, los defensores de la isla de Malta. Curtidos en mil batallas y con el recuerdo todavía fresco de la humillante expulsión de su sede en la isla de Rodas, están decididos a morir hasta el último hombre antes de permitir la ocupación otomana. Superados en número, sin ayuda ni esperanza de victoria, los caballeros, liderados por el gran maestre Jean de la Valette, se aprestan a rechazar a las innumerables hordas turcas. El Gran Asedio de Malta acaba de empezar.",https://ww3.lectulandia.com/book/angeles-de-acero/,belico,2026-09-01,https://assets.lectulandia.com/b/ab/Nicholas%20C%20Prata/Angeles%20de%20acero%20(1)/small.jpg
Pretoriano,Thomas Gifford,Bélico; Intriga; Novela,,"En plena guerra mundial, Londres, acosada por los constantes bombardeos alemanes, ve cómo van cayendo sus edificios, cómo se empobrecen sus estructuras… Pero no sus habitantes. Haciendo gala de su tradicional flema, los londinenses se empeñan en mantener una vida digna por encima de las circunstancias. En los rincones de la ciudad, se va tramando un plan destinado a salvar a Europa de las garras alemanas. El plan Pretoriano involucrará a dos hombres y a una mujer que ambos aman. A la novela Pretoriano, también se la conoce en español con el nombre de Código secreto.",https://ww3.lectulandia.com/book/pretoriano-thomas-gifford/,belico,2026-09-01,https://assets.lectulandia.com/b/ab/Thomas%20Gifford/Pretoriano%20(3)/small.jpg
Flashman a la conquista de Abisinia,George MacDonald Fraser,Aventuras; Bélico; Humor; Novela,Harry Flashman,"En octubre de 1862, el emperador de Etiopía mando una carta a la reina Victoria en la que le ofrecía una alianza y, tras dos años esperando respuesta, decidió encarcelar al representante británico como represalia y protesta por el desinterés de su majestad. Este incidente diplomático desencadenó el envío de una expedición militar angloindia, encabezada por Sir Robert Napier y en la que, como se podría suponer, va nuestro protagonista, para hacer lo que mejor sabe: trabajo «entre líneas» muy cerca de los servicios secretos británicos, y que le permitirá desplegar todas sus habilidades: pragmatismo, cinismo y capacidad para el engaño. ¿Cómo conseguirá esta vez salir airoso y aparentar que es un dechado de virtudes patrióticas?",https://ww3.lectulandia.com/book/flashman-a-la-conquista-de-abisinia/,belico,2026-09-01,https://assets.lectulandia.com/b/ab/George%20MacDonald%20Fraser/Flashman%20a%20la%20conquista%20de%20Abisinia%20(3)/small.jpg
Días sin final,Sebastian Barry,Bélico; Drama; Histórico; Novela,,"Después de alistarse con apenas diecisiete años en el ejército de los Estados Unidos en la década de 1850, Thomas McNulty y John Cole, su compañero de armas, luchan en las guerras indias y, posteriormente, en la guerra de Secesión. Tras huir de terribles penalidades, estos serán para ellos días llenos de vida y asombro, a pesar de los horrores de los que son testigos y cómplices a la vez. Sus existencias cobrarán una mayor plenitud que peligrará cuando una joven india se cruce en su camino y surja la posibilidad de una felicidad duradera… siempre y cuando logren sobrevivir. La última obra de Sebastian Barry nos lleva por las llanuras del Oeste hasta Tennessee y es una auténtica obra maestra, tanto por la atmósfera que recrea como por su lenguaje. Estamos al mismo tiempo ante una intensa y conmovedora historia de dos hombres y la vida que les toca vivir, y una nueva mirada sobre algunos de los años más fatídicos en la historia de los Estados Unidos. Días sin final es una novela inolvidable.",https://ww3.lectulandia.com/book/dias-sin-final/,belico,2026-09-01,https://assets.lectulandia.com/b/ab/Sebastian%20Barry/Dias%20sin%20final%20(2)/small.jpg
Numancia,Miguel de Cervantes,Bélico; Drama; Histórico; Teatro,,"Numancia, una ciudad celtibérica, resiste desde hace años a las tropas del general romano Escipión, cuyas tropas han relajado sus costumbres. El general arenga a sus tropas y decide que caven un foso para tomar por inanición la plaza. Dos embajadores numantinos ofrecen firmar una paz, pero Escipión la rechaza: solo queda vencer o morir. Dos figuras alegóricas que representan a España y al Duero profetizan la caída de la ciudad, pero también las glorias que cosechará España con Felipe II, es decir, la época contemporánea a la escritura de la obra. En Numancia, mientras tanto, los augures, mediante sacrificios a Júpiter, y el hechicero, que resucita a un cadáver, prevén la destrucción de la ciudad. Sin embargo, y sin perder nunca la esperanza, los jefes arévacos proponen un combate singular (un numantino contra un romano) para decidir la suerte de la guerra. Escipión, que confía en rendir la fortaleza por el hambre, no acepta la propuesta. Extenuados ya los habitantes de la ciudad, se aprestan a una salida desesperada, pero las mujeres, que temen quedarse tras la probable derrota a merced de los romanos, les piden que destruyan los bienes materiales de la ciudad, consuman la carne de los pocos prisioneros romanos y les den muerte antes de sufrir la indignidad de ser ultrajadas por el ejército de Escipión. Posteriormente, se dan muerte unos a otros. Los romanos entran en una ciudad inerte cuando ven al último de los habitantes de Numancia arrojarse al vacío desde una torre para evitar que ningún numantino tenga que pasear como trofeo de guerra en el desfile victorioso de Roma.",https://ww3.lectulandia.com/book/numancia-miguel-de-cervantes/,belico,2026-09-01,https://assets.lectulandia.com/b/ab/Miguel%20de%20Cervantes%20Saavedra/Numancia%20(32)/small.jpg
El cerco,Ismail Kadare,Bélico; Novela; Realista,,"En “El cerco” Ismaíl Kadaré recrea con singulares fuerza y viveza los meses angustiosos y terribles en que la gente de Albania, al mando del príncipe Jorge Castriota el mítico Scanderberg y tras negarse a someterse al imperio otomano, afrontó el embate de su poderoso ejército, así como los cruentos combates librados entre ambos bandos: el comienzo de las guerras balcánicas que, con el peso de la religión de fondo, han llegado hasta nuestros días. La novela puede verse, a la vez, como reflejo metafórico de lo que fue Albania durante la Guerra Fría: un territorio aislado cuyo particular régimen comunista se sentía cercado tanto por las potencias occidentales como por sus correligionarios vecinos del Este.",https://ww3.lectulandia.com/book/el-cerco/,belico,2026-09-01,https://assets.lectulandia.com/b/ab/Ismail%20Kadare/El%20cerco%20(10)/small.jpg
Flashman y el dragón,George MacDonald Fraser,Aventuras; Bélico; Humor; Novela,Harry Flashman,"En 1860, en un momento en que China estaba al borde de una sangrienta convulsión, el Imperio británico puso en marcha una expedición para intentar controlar la tensa situación política, pero llegó demasiado tarde. Los intereses de los franceses, las autoridades, los rebeldes taiping y la Corona británica entran en grave conflicto, y el germen de la guerra genera expectativas de lucrativos negocios. Flashman, como siempre, será uno de los grandes beneficiarios de esta caótica situación, e intentará sacar la mejor tajada posible sin que las autoridades sepan siquiera de su existencia. El caballero y honrado Harry Flashman nunca en la vida podría negarse a la desesperada petición de la esposa de un misionero inglés en China. Para nuestro héroe, la promesa de una jugosa comisión no puede compararse con el sincero agradecimiento que la hermosa dama le dispensará a su regreso… Como siempre, Flashman será el hombre clave, que desde su modesto segundo plano, cambiará de nuevo el curso de la Historia. Pocas veces unos hechos de tan extraordinaria trascendencia han sido narrados de una forma divertida.",https://ww3.lectulandia.com/book/flashman-y-el-dragon/,belico,2026-09-01,https://assets.lectulandia.com/b/ab/George%20MacDonald%20Fraser/Flashman%20y%20el%20dragon%20(4)/small.jpg
Flashman y el ángel del Señor,George MacDonald Fraser,Aventuras; Bélico; Humor; Novela,Harry Flashman,"Si Flashman no hubiera hecho caso a la zalamerías de cierta mujerona, la historia de EE. UU. no sería como hoy la conocemos. Pero en tal caso no tendríamos oportunidad de leer una de las más divertidas y emocionantes aventuras jamás escritas. Afortunadamente, Flashman es incapaz de resistirse a la más mínima tentación, y estuvo en el momento más inoportuno en el lugar más inapropiado: en Harper's Ferry, justo cuando John Brown y sus fanáticos secuaces están a punto de dar el disparo de salida a una guerra civil americana.",https://ww3.lectulandia.com/book/flashman-y-el-angel-del-senor/,belico,2026-09-01,https://assets.lectulandia.com/b/ab/George%20MacDonald%20Fraser/Flashman%20y%20el%20angel%20del%20Senor%20(5)/small.jpg
Flashman y el gran juego,George MacDonald Fraser,Aventuras; Bélico; Humor; Novela,Harry Flashman,"Harry Flashman llega a la India en misión secreta para descubrir los planes de las grandes potencias occidentales con intereses políticos y estratégicos en ese país, pero no tarda en implicarse personalmente en el gran motín que los cipayos están preparando, y no duda en llevar a cabo un arriesgado cambio de identidad para introducirse en sus filas. Diversas son las causas que los historiadores atribuyen al gran motín de los cipayos en marzo de 1857: las consecuencias de la expansión británica en la India, el fanatismo religioso, la corrupción política... Sin embargo, nadie parece tener en cuenta que, por aquel entonces, el imprevisible Harry Flashman andaba por ahí en misión secreta y sabía más de lo que desearía acerca del motín que se estaba gestando. Un dato que debiera tenerse muy en cuenta. Enfrentarse a los agentes secretos rusos, a las fanáticas hordas hindúes, al consejo de ministros y a cautivadoras bellezas orientales, y aun así salvar el pellejo, no está al alcance de cualquiera, pero Harry Flashman no tiene parangón entre los militares británicos. Solo hay un hombre como él (por fortuna para el ejército, y para la Corona).",https://ww3.lectulandia.com/book/flashman-y-el-gran-juego/,belico,2026-09-01,https://assets.lectulandia.com/b/ab/George%20MacDonald%20Fraser/Flashman%20y%20el%20gran%20juego%20(6)/small.jpg
Flashman y la carga de la brigada ligera,George MacDonald Fraser,Aventuras; Bélico; Humor; Novela,Harry Flashman,"La Carga de la Brigada Ligera es uno de los episodios más célebres de la historia militar del Imperio Británico, forma parte de la famosa batalla de Balaclava y de la guerra de Crimea, en la que se enfrentaron las grandes potencias de la época. Según la versión aquí propuesta por MacDonald Fraser de este episodio que sigue siendo todavía hoy objeto de controversia, la inició un borracho, la continuó un demente y la remató una pandilla de cobardes heroicos. Por supuesto, un escenario como este es idóneo para que Flashman lo enrede todo y, sin embargo, acabe por llevarse todo el mérito de lo que acaba en desastre.",https://ww3.lectulandia.com/book/flashman-y-la-carga-de-la-brigada-ligera/,belico,2026-09-01,https://assets.lectulandia.com/b/ab/George%20MacDonald%20Fraser/Flashman%20y%20la%20carga%20de%20la%20brigada%20ligera%20(7)/small.jpg
Flashman se va al oeste,George MacDonald Fraser,Aventuras; Bélico; Humor; Novela,Harry Flashman,"En contra de lo proyectado en Flashman el Libertador, Flashy debe quedarse en tierras americanas y decide viajar al Oeste en busca de fortuna y riqueza. El azar le pone en manos de los nativos, a los que no tarda en embaucar para que lo acojan como a un igual. Flashman se va al Oeste narra la vida de un canalla, pero con una educación muy británica, entre lo que el considera salvajes, lo que da pie a situaciones y escenas muy divertidas. Se centra en los momentos previos a la gran batalla de Little Big Horn, en la que murió el general Custer, y en una época en que los enfrentamientos y escaramuzas entre el ejército y los nativos eran constantes. Mucha acción y un gran sentido del humor.",https://ww3.lectulandia.com/book/flashman-se-va-al-oeste/,belico,2026-09-01,https://assets.lectulandia.com/b/ab/George%20MacDonald%20Fraser/Flashman%20se%20va%20al%20oeste%20(8)/small.jpg
Una comida en invierno,Hubert Mingarelli,Bélico; Drama; Novela,,"Al amanecer, en uno de los desolados inviernos de la Segunda Guerra Mundial, tres soldados alemanes se arrastran por los helados campos de Polonia. Tienen órdenes de rastrear la zona y volver con «uno de ellos». Tras atrapar a un joven judío escondido en el bosque, el grupo hace un alto en una cabaña abandonada antes de regresar al campamento con su presa. Mientras con sus escasos recursos intentan encender fuego y preparan la cena, se suma al cuarteto un cazador polaco cuyo virulento antisemitismo eleva la tensión de una atmósfera ya de por sí a punto de estallar. A medida que avanza la velada y las implicaciones últimas de su misión van perfilándose con mayor claridad, las lealtades y vínculos de unos hombres hambrientos, agotados e inmersos en un conflicto cuyas dimensiones y consecuencias están muy lejos de poder calibrar, se verán puestas en entredicho.",https://ww3.lectulandia.com/book/una-comida-en-invierno/,belico,2026-09-01,https://assets.lectulandia.com/b/ab/Hubert%20Mingarelli/Una%20comida%20en%20invierno%20(1)/small.jpg
La guerra de Courtney,David Churchill; Wilbur Smith,Aventuras; Bélico; Histórico; Novela,Saga Courtney,"Saffron Courtney y Gerhard von Meerbach parecen bendecidos por los dioses: bellos, ricos, enamorados. Pero, a poco de conocerse, Hitler desata sus fuerzas contra Polonia. Dos días más tarde, Gran Bretaña declara la guerra a Alemania y el horror explota en todo el mundo. De un momento al otro, los amantes se ven obligados a separarse y a luchar por sus vidas. Pese a su rechazo por el régimen, Gerhard pelea por Alemania, su patria, con el propósito secreto de hallar la forma de liberarla de Hitler. Pero cuando la unidad militar bajo su comando entra al infierno de la batalla de Stalingrado, comprende que sus chances de sobrevivir son escasas. Mientras tanto Saffron, recrutada por la Dirección de Operaciones Especiales para investigar cómo los nazis han infiltrado las redes aliadas, se convierte en blanco de la persecución del más despiadado de los espías. Enfrentados al mal en sus formas más espantosas, tendrán que tomar la decisión más difícil: sacrificarse por la causa o intentarlo todo para volver a estar juntos. Esperada secuela del gran bestseller Grito de guerra , esta nueva novela de Wilbur Smith retoma la célebre saga Courtney. La guerra de Courtney sumerge a los lectores en una historia épica y vibrante, con el sello inconfundible del maestro de la novela de aventuras.",https://ww3.lectulandia.com/book/la-guerra-de-courtney/,belico,2026-09-01,https://assets.lectulandia.com/b/ab/Wilbur%20Smith/La%20guerra%20de%20Courtney%20(21)/small.jpg
La mujer de la estrella azul,Pam Jenoff,Bélico; Histórico; Novela,,"1942 Sadie Gault tiene dieciocho años y vive con sus padres los horrores del día a día en el gueto de Cracovia durante la Segunda Guerra Mundial. Cuando los nazis liquidan el gueto, Sadie y su madre embarazada se ven obligadas a buscar refugio en las peligrosas cloacas que circulan por debajo de la ciudad. Un día, Sadie mira hacia arriba a través de la rejilla de una alcantarilla y ve a una chica más o menos de su edad comprando flores. Ella Stepanek es una acaudalada chica polaca que lleva una vida relativamente fácil con su madrastra, que ha desarrollado una alianza estrecha con los alemanes de la ocupación. Repudiada por sus amigas y extrañando a su prometido, que se marchó a la guerra, Ella deambula por Cracovia sin cesar. Mientras hace unas compras en el mercado, descubre que algo se mueve bajo una alcantarilla de la calle. Al acercarse a mirar, se da cuenta de que se trata de una chica escondida. Ella comienza a ayudar a Sadie y ambas desarrollan una amistad, pero, conforme los peligros de la guerra se recrudecen, sus vidas emprenden un camino sin retorno que las pondrá a prueba frente a unas circunstancias asfixiantes.",https://ww3.lectulandia.com/book/la-mujer-de-la-estrella-azul/,belico,2026-09-01,https://assets.lectulandia.com/b/ab/Pam%20Jenoff/La%20mujer%20de%20la%20estrella%20azul%20(4)/small.jpg
El presagio de los buitres,Antonio Orozco Guerrero,Aventuras; Bélico; Histórico; Novela,,"Un relato ameno, dinámico y fiel a los hechos. Una novela histórica llena de acción y aventuras, que invita a reflexionar sobre el pensamiento, vida, religión y costumbres los pueblos de Hispania antes de ser conquistados por Roma. Durante los años 154 y 152 antes de Cristo, los belos, titos y arévacos (tres importantes tribus celtíberas) se enfrentan a Roma en una guerra en la que unos luchan guiados por la avaricia y el ansia de gloria y los otros por su libertad y supervivencia como pueblo. Estos son los personajes principales: Caciro, un anciano adivino de la ciudad de Segeda, que se debate entre las viejas y arraigadas creencias y el cultivo de la razón. Apoya la guerra contra Roma, pues la interpretación del vuelo de los buitres le augura una gran victoria. Muy pronto se arrepentirá. Caro, jefe de los belos de la ciudad de Segeda; un genio militar muerto prematuramente. Liteno, jefe de los arévacos de Numancia; tan valeroso como prudente. Quinto Fulvio Nobilior, cónsul de Roma; engreído, inexperto y autoritario. Marco Claudio Marcelo, cónsul de Roma; gran militar con excelentes dotes para lograr la paz.",https://ww3.lectulandia.com/book/el-presagio-de-los-buitres/,belico,2026-09-01,https://assets.lectulandia.com/b/ab/Antonio%20Orozco%20Guerrero/El%20presagio%20de%20los%20buitres%20(4)/small.jpg
Aunque caminen por el valle de la muerte,Álvaro Colomer,Bélico; Novela,,"En esta novela basada en hechos reales, Álvaro Colomer reconstruye en clave de ficción uno de los episodios más controvertidos de la guerra de Irak: el papel de las tropas españolas en la batalla de Najaf. Un convoy militar atraviesa el desierto. Niños iraquíes saludan desde el arcén; a sus espaldas, pozos de petróleo en llamas, carros de combate calcinados y un paisaje cuarteado como el vientre de un reptil moribundo. La brigada española Plus Ultra II se dirige a la ciudad santa de Najaf, donde compartirá acuartelamiento con unidades de otros países. Todo transcurre con normalidad en la base Al-Andalus, hasta que un día el autoproclamado ejército del Mahdi asalta el cuartel español, dando inicio a la batalla de Najaf. Es el 4 de abril de 2004 y ha pasado un año desde la invasión de Irak. España se encuentra en pleno proceso de transferencia de poderes: tras los atentados del 11-M, el Partido Popular ha perdido las elecciones y el PSOE aún no ha tomado posesión de la cartera de Defensa. ¿Se cruzó de manos el alto mando de la Brigada Plus Ultra II mientras las otras unidades luchaban para defender el cuartel? ¿Se negó el gobierno en funciones a tomar decisiones durante el enfrentamiento? ¿Por qué se ha silenciado una de las batallas recientes más importantes del ejército español? Esta novela construye una ficción con los acontecimientos. Pero el autor advierte: en la guerra, como en la literatura, hay tantas verdades como puntos de vista.",https://ww3.lectulandia.com/book/aunque-caminen-por-el-valle-de-la-muerte/,belico,2026-09-01,https://assets.lectulandia.com/b/ab/Alvaro%20Colomer/Aunque%20caminen%20por%20el%20valle%20de%20la%20muerte%20(2)/small.jpg
El baile de los malditos,Irwin Shaw,Bélico; Novela,,"Novela que narra la segunda guerra mundial desde la perspectiva de tres hombres: Un joven alemán y dos americanos —un judío y un actor de Broadway— luchan en bandos distintos, pero sus caminos acabarán encontrándose.",https://ww3.lectulandia.com/book/el-baile-de-los-malditos/,belico,2026-09-01,https://assets.lectulandia.com/b/ab/Irwin%20Shaw/El%20baile%20de%20los%20malditos%20(3)/small.jpg
60 minutos en el infierno,Alexander Fullerton,Bélico; Novela,Nicholas Everard,"Continuación de la saga de Nicholas Everard. Es el año 1917 y la primera guerra mundial está en su máximo apogeo. Nicholas Everard es el segundo al mando del destructor inglés Mackerel. Durante un peligroso enfrentamiento con los destructores alemanes, el Mackerel está a punto de hundirse a causa de la ambición y testarudez de su propio capitán, pero la sangre fría de Everard durante el ataque y sus soberbias dotes de mando consiguen salvar del desastre a la nave y a su tripulación. Este acto de heroísmo hace que Everard consiga su propio destructor, justo a tiempo para participar en el ataque al puerto belga de Zeebrugge, en la víspera del día de san Jorge. En plena batalla, Nick se encuentra con su antiguo superior, el capitán Wyatt. El segundo volumen de la serie de Nicholas Everard es otra trepidante aventura marítima ambientada en las impredecibles batallas navales de la primera guerra mundial. La presentación de las batallas navales, las costumbres, las tradiciones y la vida en el mar de Fullerton brillan con autenticidad, y su retrato de los hombres durante la batalla es impresionante.",https://ww3.lectulandia.com/book/60-minutos-en-el-infierno/,belico,2026-09-01,https://assets.lectulandia.com/b/ab/Alexander%20Fullerton/60%20minutos%20en%20el%20infierno%20(1)/small.jpg
El italiano,Arturo Pérez-Reverte,Bélico; Ensayo; Historia; Histórico; Novela; Romántico,,"Una historia de amor, mar y guerra. « Nada traiciona, tanto tiempo después, la mujer que desde hace dos años vive sola junto al mar con un perro y unos libros. Qué otra cosa, decide, sería el impulso, o el deseo, de permanecer abrazada a ese hombre para siempre. Ignora qué habrá en su cabeza dentro de un par de horas, cuando la claridad del día la despeje del todo e ilumine con más crudeza su conciencia. Lo cierto es que en este momento, sin duda alguna, desearía morir si él muriera ». En los años 1942 y 1943, durante la Segunda Guerra Mundial, buzos de combate italianos hundieron o dañaron catorce barcos aliados en Gibraltar y la bahía de Algeciras. En esta novela, inspirada en hechos reales, sólo algunos personajes y situaciones son imaginarios. Elena Arbués, una librera de veintisiete años, encuentra una madrugada mientras pasea por la playa a uno de esos buzos, desvanecido entre la arena y el agua. Al socorrerlo, la joven ignora que esa determinación cambiará su vida y que el amor será sólo parte de una peligrosa aventura. ---------------------------- La crítica ha dicho: «Pérez-Reverte en su mejor momento. Sus novelas trazan lazos de unión unas con otras, hasta formar una urdimbre que es lo que los clásicos llamaban estilo, y los modernos, mundo». José María Pozuelo Yvancos, ABC Cultural «Arturo Pérez-Reverte sabe cómo retener al lector a cada vuelta de página». The New York Times Book Review «Arturo Pérez-Reverte consigue mantener sin aliento al lector». Corriere della Sera «Pérez-Reverte nos hace disfrutar de un juego inteligente entre historia y ficción». The Times",https://ww3.lectulandia.com/book/el-italiano/,belico,2026-09-01,https://assets.lectulandia.com/b/ab/Arturo%20PerezReverte/El%20italiano%20(23)/small.jpg
Pearl Harbor,Randall Wallace,Bélico; Histórico; Novela,,"Rafe McCawley y Danny Walker son dos jóvenes pilotos de la Fuerza Aérea de Estados Unidos. Crecieron como hermanos, aprendiendo a volar en viejas avionetas. Rafe se ha enamorado de Evelyn Stewart, una enfermera que cumple su servicio en la Marina. La guerra los separa cuando Rafe se ofrece voluntario para luchar en el Escuadrón Águila, un grupo de americanos que lucha junto a los ingleses en la Batalla de Inglaterra. Con la promesa de regresar, Rafe pone rumbo a los mortíferos cielos del canal de la Mancha, mientras Evelyn y Danny son transferidos a Pearl Harbor, en el paradisíaco Hawaii. Su edén se rompe en pedazos cuando reciben la noticia de que Rafe ha muerto en combate. Pero las cosas están a punto de tomar un giro mucho más dramático en el tranquilo Pearl Harbor.",https://ww3.lectulandia.com/book/pearl-harbor-randall-wallace/,belico,2026-09-01,https://assets.lectulandia.com/b/ab/Randall%20Wallace/Pearl%20Harbor%20(1)/small.jpg
Los pretorianos,Jean Lartéguy,Bélico; Histórico; Novela,Trilogía Jean Lartéguy,"En esta novela de Jean Lartéguy, vemos a los «centuriones» convertirse en «Los pretorianos». El asesinato de uno de sus camaradas lleva a los amigos de éste a desbordar el marco nacional de la acción militar y a «hacer política». Nada podrá contener ya a ese torrente de hombres audaces, ni siquiera aquéllos que, desde Argel o desde la metrópoli, tratan de someterlos. Tenidos por peligrosos tanto por las jerarquías tradicionales como por los hombres a los que ellos mismos han llevado al poder, «Los pretorianos» del 13 de mayo son lanzados de nuevo a la guerra. Desde este momento, ya no podrán escapar a su destino, y se verán abocados a la dimisión, a nuevos complots o al suicidio. Esta novela cierra el ciclo iniciado con «Los centuriones».",https://ww3.lectulandia.com/book/los-pretorianos/,belico,2026-09-01,https://assets.lectulandia.com/b/ab/Jean%20Larteguy/Los%20pretorianos%20(5)/small.jpg
Los centuriones,Jean Lartéguy,Bélico; Histórico; Novela,Trilogía Jean Lartéguy,"En «Los centuriones» se narra la gran aventura de los paracaidistas de Dien-Bien-Fu en la Kasbah de Argel. Sobre un fondo histórico sabiamente analizado, el novelista teje su ficción y pone al servicio de su arte toda la experiencia de una vida curtida por el sol de muchas aventuras bélicas. Sin embargo, «Los centuriones» —primera parte de una trilogía que completa «Los mercenarios» y «Los pretorianos», cada una de las cuales puede leerse con entera independencia— no es la mera crónica de una guerra total e inhumana en sus tácticas. Por su audaz penetración psicológica, por su estudio del amor y del sexo, por el arte con que pone al desnudo y frente a frente el mundo de la hipocresía y el de los instintos, es, también, y ante todo, una obra excepcional.",https://ww3.lectulandia.com/book/los-centuriones/,belico,2026-09-01,https://assets.lectulandia.com/b/ab/Jean%20Larteguy/Los%20centuriones%20(4)/small.jpg
Los mercenarios,Jean Lartéguy,Bélico; Histórico; Novela,Trilogía Jean Lartéguy,"«Los mercenarios» —combatientes del Batallón francés de Corea— es la novela del orgullo nacional burlado, de las energías que no hallan dónde emplearse, de los sacrificios sin fe y sin causa. Un general americano ambicioso y una montaña sin el menor valor estratégico, pero que ejerce su fascinación sobre ambos campos, dominan el drama. «Los mercenarios» son, en su mayor parte, aventureros en estado puro, inolvidables figuras de hombre, los hijos irrecusables de un siglo de violencia. «Los mercenarios» —segunda parte de la trilogía que empieza con «Los centuriones» y acaba con «Los pretorianos», y que puede leerse con completa independencia— quedará como un testimonio honrado y viril sobre el combatiente contemporáneo.",https://ww3.lectulandia.com/book/los-mercenarios/,belico,2026-09-01,https://assets.lectulandia.com/b/ab/Jean%20Larteguy/Los%20mercenarios%20(3)/small.jpg
El submarino del narco,Federico Supervielle Bergés,Aventuras; Bélico; Novela,El Albatros,"Toneladas de droga viajan bajo el mar en los submarinos de un ambicioso narco. Un patrullero local se va al fondo tras recibir lo que parece el impacto de un torpedo. Pablo, convencido de que no es una misión para el Albatros, se resiste, pero no hay nada más importante que proteger a los suyos. El único barco de guerra privado del mundo pondrá proa a Cabo Verde armado con sensores con los que nunca había contado para enfrentarse a un rival invisible y despiadado. El Albatros tendrá que adaptarse a una amenaza para la que no fue diseñado antes de que sea demasiado tarde.",https://ww3.lectulandia.com/book/el-submarino-del-narco/,belico,2026-09-01,https://assets.lectulandia.com/b/ab/Federico%20Supervielle%20Berges/El%20submarino%20del%20narco%20(4)/small.jpg
Oídos en la jungla,Pierre Boulle,Bélico; Novela,,"A los americanos ocurrió se les ocurrió sembrar la jungla norvietnamita de minúsculos receptores (llamados oídos de jungla ), los cuales les permitían seguir todos los movimientos del enemigo y bombardearlo eficazmente. Estas pequeñas maravillas electrónicas ( sensors ) se hallaban tan bien disimuladas entre la vegetación, que resultaba prácticamente imposible localizarlas. Sin embargo, parece ser que no hay nada imposible para la sutileza y la penetrante mirada de los asiáticos. Y así, un buen día descubrieron uno de aquellos oídos y se inició una lucha de la astucia contra la técnica, lucha de la que deriva toda una serie de episodios de intenso suspense que, al mismo tiempo, constituyen una sátira cruel contra la guerra del Vietnam.",https://ww3.lectulandia.com/book/oidos-en-la-jungla/,belico,2026-09-01,https://assets.lectulandia.com/b/ab/Pierre%20Boulle/Oidos%20en%20la%20jungla%20(4)/small.jpg
La esposa del prisionero,Maggie Brookes,Bélico; Drama; Histórico; Novela,,"Amparados por la oscuridad de la noche, una campesina checa y un soldado británico huyen de los nazis que los persiguen. Su amor es imposible, pero lucharán contra el destino para estar juntos. Izabela conoció a Bill cuando este llegó a trabajar a la granja de su padre como prisionero de guerra de los alemanes. Con el paso de los días, lo que inició como atracción se convierte en un amor tan fuerte que deciden casarse en secreto y huir; sin embargo, la fortuna no los acompaña por mucho tiempo y terminan en las manos del enemigo. Para poder enfrentar unidos los horrores del campo de concentración al que serán destinados, idean un extraordinario plan: con el pelo corto, Izabela se hace pasar por un soldado británico mudo. Si llegan a ser descubiertos se juegan algo más que la posibilidad de mantenerse juntos, pues no solo sus vidas quedarían comprometidas, sino también las de sus compañeros de prisión, quienes los han ayudado a guardar su increíble secreto. ¿Lograrán engañar a los nazis y mantenerse unidos hasta el final de la guerra? Si te estremeció El tatuador de Auschwitz y La bailarina de Auschwitz te quitó el aliento, esta novela basada en hechos reales te encogerá el corazón.",https://ww3.lectulandia.com/book/la-esposa-del-prisionero/,belico,2026-09-01,https://assets.lectulandia.com/b/ab/Maggie%20Brookes/La%20esposa%20del%20prisionero%20(1)/small.jpg
Cirujano del aire,Frank G. Slaughter,Bélico; Drama; Novela,,"En una base aérea norteamericana durante la Segunda Guerra Mundial, el cirujano militar Thomas Craig debe cuidar de su hermano menor Larry, piloto de caza con graves heridas y problemas de alcoholismo. Sin embargo, la seductora esposa de Larry plantear un difícil dilema a Thomas y encaminar la trama a través de una serie de pasiones desatadas en medio de una explosiva intriga bélica.",https://ww3.lectulandia.com/book/cirujano-del-aire/,belico,2026-09-01,https://assets.lectulandia.com/b/ab/Frank%20G%20Slaughter/Cirujano%20del%20aire%20(19)/small.jpg
"Sangre, destrucción y gloria",David W. Sánchez Fabra,Bélico; Histórico; Novela,"Yo, conquistador","Verano de 1520, Anno Domini. Una vez resuelto el conflicto entre Pánfilo de Narváez y Hernán Cortés, una desgarradora predicción hecha por Blas Botello, el astrólogo del ejército, derrumba la moral de las tropas: «― Señor, no os detengáis mucho, porque sabed que don Pedro de Alvarado, vuestro capitán, que dejasteis en la ciudad de Méjico, está en muy grave peligro. Le han dado gran guerra y le han muerto un hombre, y le entran con escalas, por manera que os conviene dar prisa». Parece que los ejércitos de Méjico no están dispuestos a tolerar más tiempo que los conquistadores españoles señoreen sus tierras. Los campesinos ya tensan sus arcos, los hombres jaguar afilan sus macanas y la élite de guerreros águila pone a punto sus lanzas. Un beligerante grito se alza desde lo más profundo de la mayor urbe conocida del Nuevo Mundo y sus consecuencias, que inquietan a Farfán, María y al resto de compañeros, son todavía un triste e insondable misterio. ¿Será capaz un hombre, Hernán Cortés, de volver a pacificar Tenochtitlán? ¿Podrá el ímpetu de los mexica expulsar al invasor? Descubre el desenlace de la trilogía ""Yo, conquistador""",https://ww3.lectulandia.com/book/sangre-destruccion-y-gloria/,belico,2026-09-01,https://assets.lectulandia.com/b/ab/David%20W%20Sanchez%20Fabra/Sangre%20destruccion%20y%20gloria%20(2)/small.jpg
Un imperio para el mundo,David W. Sánchez Fabra,Bélico; Histórico; Novela,"Yo, conquistador","Villa Rica de la Vera Cruz, 1519, Anno Domini. Los quinientos españoles que siguieron a Hernán Cortés hasta el misterioso Yucatán ya no son los novatos que desembarcaron en sus costas escasos meses antes. Siguen siendo solo un puñado de hombres y mujeres, apenas llevan cañones o caballos, pero ahora han recabado valiosa información sobre el terreno y cuentan con la inestimable colaboración de un amistoso pueblo nativo. De cualquier forma, muchas son las preguntas que bullen en la mente de Hernán Cortés, el General. ¿Quién es Moctezuma, ese soberano que no les permite seguir adelante? ¿Cómo será Tenochtitlán, la capital de su imperio? ¿Con qué poder en gentes y tropas podrá contar? ¿Qué otros peligros les aguardan en los caminos? ¿Cómo reaccionará la belicosa Tlaxcala a su paso? ¿Serán los totonacas fieles aliados como les han prometido? ¿Podrá seguir manteniendo a los sediciosos bajo control? Los soldados también se encuentran admirados ante las riquezas del Nuevo Mundo. Farfán ha conseguido embeberse en un nutrido grupo de buenos amigos y María no cesa en su intento de aprender a manejar la espada. Saben que el riesgo y las hostilidades acechan por doquier, pero el hecho de encontrarse donde nunca antes nadie había llegado les confiere el vigor de seguir adelante. Solo son quinientos, pero ya son los conquistadores más avezados de Indias. Ante ellos, el imperio mexica parece amenazador, pero su determinación es clara: seguirán al General hasta la muerte. Han cruzado el océano en busca de fortuna y aventuras. El Viejo y el Nuevo Mundo van a establecer un contacto tras miles de años de aislamiento recíproco, y ellos van a ser los que lo lleven a cabo, pero una pregunta se alza sobre todas las demás: ¿Es suficientemente grande el mundo para albergar dos imperios? Un imperio para el mundo es la segunda novela de «Yo, conquistador», la trilogía sobre la conquista de Méjico.",https://ww3.lectulandia.com/book/un-imperio-para-el-mundo/,belico,2026-09-01,https://assets.lectulandia.com/b/ab/David%20W%20Sanchez%20Fabra/Un%20imperio%20para%20el%20mundo%20(3)/small.jpg
Los ventrílocuos,E. R. Ramzipoor,Bélico; Histórico; Novela,,"Basada en una increíble historia real de valentía y resistencia. Bruselas, 1943. Helena, una huérfana de doce años, sobrevive viviendo como un chico y vendiendo periódicos de la cabecera más popular del país, Le Soir, ahora convertido en pura propaganda nazi. El mundo de Helena da un vuelco el día que conoce a Marc Aubrion, un periodista resistente que la llevará a una red secreta que publica periódicos clandestinos. Los nazis dan con la red de Aubrion y les ofrecen una elección imposible: convertir los periódicos de la resistencia en una bomba de propaganda nazi encubierta que conducirá a la opinión pública a ponerse en contra de los aliados, o ser fusilados inmediatamente. Sin ninguna decisión real que tomar, Aubrion tiene una idea brillante: mientras simulan que le siguen la corriente a los nazis publicarán a la vez una edición falsa de Le Soir que caricaturiza tanto a Hitler como a todos los nazis. Se reirán directamente a la cara de sus opresores. Los ventrílocuos se han puesto de acuerdo para morir por una broma y solo tienen dieciocho días para contarla.",https://ww3.lectulandia.com/book/los-ventrilocuos/,belico,2026-09-01,https://assets.lectulandia.com/b/ab/E%20R%20Ramzipoor/Los%20ventrilocuos%20(1)/small.jpg
Los hijos del hierro y el fuego,David W. Sánchez Fabra,Bélico; Histórico; Novela,"Yo, conquistador","Santiago de Cuba, 1518, Anno Domini. Un grupo de españoles desembarca en Cuba buscando fortuna. Farfán es un joven cuya única riqueza que pudo traer desde Sevilla es un Mastín del Pirineo llamado Ventisca. Viaja junto a Ortega, un aguerrido veterano de las guerras de Italia que decide llevarse a su hijo de doce años al Nuevo Mundo huyendo de una triste tragedia familiar; el pequeño Orteguilla. Allí conocerán al viejo vasco Heredia, un arcabucero cascarrabias y desgarbado, y a María, una bonita e indómita joven de la que Farfán quedara prendado desde el primer momento. Mientras tanto, un hidalgo llamado Hernán Cortés, designado por el teniente de gobernador de Cuba, Diego Velázquez, está organizando una expedición de conquista y rescate a Yucatán, las misteriosas tierras recientemente descubiertas al oeste de la isla. Solo dos capitanes lo han hecho antes; Hernández de Córdoba, que regresó moribundo, con la mayor parte de la tropa masacrada y contando historias sobre fieros e innumerables guerreros, y Juan de Grijalva, del que hace meses que no se sabe nada. Los recién llegados se alistarán enseguida en la expedición pero serán ajenos, en un principio, al trepidante juego de intrigas que se traerán entre manos los hombres más importantes de la ciudad. Velázquez se ha arrepentido de encomendar la misión a Cortés, pues teme que se le rebele. Por allí donde pasa levanta furor, las tropas lo adoran y no tardará en imponerse como un líder nato. Algunos valientes conquistadores se pondrán de su lado pero otros tratarán por todos los medios de boicotear sus movimientos. Y al otro lado del mar, impasibles, les esperan densas selvas, violentas tormentas, antiguos templos abandonados, vestigios de una civilización extinta, millones de feroces guerreros indígenas y ricas y poderosas naciones gobernadas por un soberano al que nadie tiene el valor de mirar directamente. ¿Puede un puñado de quinientos españoles rendir uno de los imperios más grandes y despiadados que hayan existido jamás? Los hijos del hierro y el fuego es la primera de una saga de novelas sobre la conquista de Méjico recogidas bajo el título de «Yo, conquistador».",https://ww3.lectulandia.com/book/los-hijos-del-hierro-y-el-fuego/,belico,2026-09-01,https://assets.lectulandia.com/b/ab/David%20W%20Sanchez%20Fabra/Los%20hijos%20del%20hierro%20y%20el%20fuego%20(1)/small.jpg
La roja insignia del valor (Trad. Alejandro A. Rosa),Stephen Crane,Bélico; Novela,,"La roja insignia del valor (1895) es la obra maestra de Stephen Crane y una de las obras fundamentales de la novelística estadounidense. Desde su publicación causó una impresión profunda en los lectores y desde todos los rincones de los Estados Unidos le llegaron cartas al autor felicitándolo por la exactitud de sus descripciones de la guerra. Sin embargo, Stephen Crane nunca había estado en una batalla, no había vivido ninguna guerra y, aún así, hasta veteranos y experimentados soldados concordaron en que La roja insignia del valor reflejaba con asombrosa exactitud lo que sienten los combatientes. Años más tarde, al asistir como corresponsal de guerra a una batalla y ver morir hombres, caballos y oler el humo de la pólvora, su comentario sobre su novela fue que «estaba muy bien»: reflejaba lo que en ese entonces recién llegó a ver. Pero si uno de los méritos del libro es haberse fundamentado en la pura imaginación de un novelista, otra de sus grandes virtudes es poder decirlo todo con la máxima economía de palabras. No hay un solo escritor estadounidense que no haya aprendido algo del oficio por la lectura de este libro: y son muy pocos los lectores que puedan acabar de leerlo sin quedarse con la impresión de haber recorrido las páginas de un gran libro realista sobre la guerra, la heroicidad, la violencia, el tumulto y el miedo ante situaciones definitivas y finales.",https://ww3.lectulandia.com/book/la-roja-insignia-del-valor-trad-alejandro-a-rosa/,belico,2026-09-01,https://assets.lectulandia.com/b/ab/Stephen%20Crane/La%20roja%20insignia%20del%20valor%20(6)/small.jpg
Sólo los ángeles tienen alas,H. E. Bates,Bélico; Novela,,"Sólo los ángeles tienen alas ha sido proclamada como una de las más apasionantes novelas de cuantas se han escrito sobre la Segunda Guerra Mundial. De vuelta de una operación de bombardeo en Italia, los tripulantes de un aparato «Wellington» británico efectúan un aterrizaje forzoso en Francia. Heridos e indefensos, sin osar pedir auxilio a los campesinos por temor a ser entregados al invasor, se lanzan a la aventura de salvar la vida y la libertad. Héroes de la Resistencia, hombres y mujeres, les prestan socorro, desafiando la persecución, la tortura, el fusilamiento. Nadie puede escapar a la fuerza avasalladora de estas páginas. Cada capítulo de Sólo los ángeles tienen alas contiene un mensaje a la humanidad y una lección de heroísmo.",https://ww3.lectulandia.com/book/solo-los-angeles-tienen-alas/,belico,2026-09-01,https://assets.lectulandia.com/b/ab/H%20E%20Bates/Solo%20los%20angeles%20tienen%20alas%20(2)/small.jpg
La noche alemana,Jacques Peuchmaurd,Bélico; Novela; Realista,,"Un escritor, Simon, pasa una temporada en la casa de campo de Jérôme, su amigo íntimo de juventud. Éste último, harto de la vida urbana de París, al heredar una finca, deja su carrera de ingeniero industrial y se entrega de lleno a la bucólica vida del campo. La visita de Simon persigue un fin concreto: la necesidad de librarse de algo que le preocupa, su actuación durante la Segunda Guerra Mundial. Él, que no fue combatiente ni «resistente», es conceptuado como traidor. Simon quiere reivindicar su inocencia. Y en días sucesivos, en la biblioteca, en la terraza, en la campiña que le rodea, Simon, en compañía de su amigo, inicia el examen de la época más tenebrosa de su vida: la época de la guerra y de la ocupación alemana. Se ha jurado ser sincero, no ocultar nada. Y lo hace.",https://ww3.lectulandia.com/book/la-noche-alemana/,belico,2026-09-01,https://assets.lectulandia.com/b/ab/Jacques%20Peuchmaurd/La%20noche%20alemana%20(1)/small.jpg
Starship Troopers (Tropas del espacio),Robert A. Heinlein,Bélico; Ciencia ficción; Novela,,"La Tierra, siglo XXIII: Johnnie Rico acaba de cumplir los dieciocho, y por fin se puede alistar en el Ejército para cumplir con el servicio de dos años, tras el cuál se convertirá en un ciudadano con derecho al voto. A instancias de un amigo, Rico se alista en la infantería móvil. Tras un duro periodo de instrucción en el campamento Arthur Currie, bajo las órdenes del sargento Zim, Rico se convirtió en un soldado cualificado. Mientras tanto, una especie alienígena con aspecto de insecto gigante ataca la Tierra con una violencia inusitada, convirtiendo la ciudad de Buenos Aires en un amasijo de escombros. Es el momento de que Johnnie Rico y sus compañeros prueben su valía en un combate real… en el espacio.",https://ww3.lectulandia.com/book/starship-troopers-tropas-del-espacio/,belico,2026-09-01,https://assets.lectulandia.com/b/ab/Robert%20A%20Heinlein/Starship%20Troopers%20(30)/small.jpg
San Andreas,Alistair MacLean,Bélico; Novela,,"El San Andreas , buque hospital, navega con las cruces rojas visibles para garantizar su protección ante el enemigo. La tripulación del buque confía en que con tal distintivo estará a salvo de los submarinos alemanes. Sin embargo, las luces indicadoras se apagan repentinamente una hora antes del amanecer. No es un corte de energía, como a menudo acostumbraba a suceder en unas aguas plagadas de tensiones y alarmas. Esta vez se trataba de algo realmente grave: un premeditado acto de sabotaje. El buque hospital permanece sin la garantía de inmunidad de sus distintivos protectores en una zona infestada de submarinos enemigos, prestos a abalanzarse sobre una víctima prácticamente indefensa. Y el saboteador a bordo utiliza un transmisor para orientar al enemigo. A partir de este momento comienza una vertiginosa sucesión de extraños acontecimientos, que desembocarán en una acción trepidante.",https://ww3.lectulandia.com/book/san-andreas/,belico,2026-09-01,https://assets.lectulandia.com/b/ab/Alistair%20MacLean/San%20Andreas%20(13)/small.jpg
Misión Odín,James Holland,Bélico; Intriga; Novela,,"Un grupo de soldados británicos liderados por el sargento Jack Tanner deben proteger un valioso secreto durante la segunda guerra mundial Abril de 1940. La Alemania nazi ha invadido a la neutral Noruega. Tres oficiales de la Guardia del Rey huyen del brutal avance Blitzkrieg hacia el norte. Tienen una misión de vital importancia: sacar de Oslo al científico Hening Sandvold y conducirlo hasta la seguridad de las líneas aliadas. La única fuerza militar que se interponen entre los nazis y la victoria final son las pobremente equipadas y poco preparadas tropas de la Brigada 148. Entre ellas se encuentra el sargento Jack Tanner, que ha regresado recientemente de Oriente Medio para unirse al tercer batallón de los King´s Own Yorkshire Rangers . Pero debido a la retirada de los británicos desde Lillehammer, el sargento Tanner y su patrulla se encuentran aislados en las montañas. Mientras luchan por reunirse con su unidad, tropiezan con Sandvold y sus protectores. Con los alemanes siguiéndoles a cada movimiento, Tanner tendrá que ser más astuto que sus perseguidores y sacar lo mejor de sus propios hombres. Cuando los aliados fracasan queda claro que el pequeño grupo de fugitivos no puede contar con nadie, salvo ellos mismos. Aunque Tanner sabe que no pueden fallar. Ha descubierto que Sandvold tiene en su poder un secreto de vital importancia, algo que podría cambiar el curso de la guerra.",https://ww3.lectulandia.com/book/mision-odin/,belico,2026-09-01,https://assets.lectulandia.com/b/ab/James%20Holland/Mision%20Odin%20(1)/small.jpg
Los colores de la guerra,Juan Carlos Gómez Arce,Bélico; Histórico; Intriga; Novela,,"Figueras, 1939. Los cuadros del Museo del Prado están a punto de desaparecer en los bombardeos de la guerra civil. El gobierno republicano, agonizante y sin recursos, tiene que adoptar una decisión dramática: elegir entre la evacuación de las obras de arte y la protección de las vidas. La deserción de una enfermera republicana, entre los miles de fugitivos que cruzaron la frontera francesa, precisamente en el justo momento en que comienza el traslado de los cuadros, es el principio de una historia de amor y espionaje que lleva la intriga a diversas ciudades europeas. Las obras de arte del Museo del Prado permanecían escondidas en depósitos subterráneos, amenazadas por la guerra, en un palmo de tierra de Cataluña. En una gesta histórica sin precedentes, el gobierno republicano evacuó las pinturas en el último minuto, salvándolas de una destrucción segura. El destino que el gobierno de la República quiere dar a uno de los cuadros en el mercado clandestino del arte y el robo de una pintura de Velázquez componen el soporte argumental de una novela trazada con brillante imaginación y respeto a los hechos históricos. Esta ficción, que da vida literaria a los verdaderos protagonistas de la evacuación del museo, nos permite un nuevo acercamiento a un conflicto del que seguimos siendo herederos. Una novela que atrapa al lector desde la primera página.",https://ww3.lectulandia.com/book/los-colores-de-la-guerra/,belico,2026-09-01,https://assets.lectulandia.com/b/ab/Juan%20Carlos%20Arce%20Gomez/Los%20colores%20de%20la%20guerra%20(1)/small.jpg
Proyecto Moisés,Iñaki Biggi,Bélico; Intriga; Novela,,"Atrincherados en la llamada muralla del Atlántico, las tropas nazis esperan la inminente invasión aliada. En Inglaterra se prepara la mayor armada que ha conocido el mundo, hombres y máquinas se reúnen en una cantidad nunca vista. En ese inicio del verano de 1944, un profesor español, exiliado tras combatir en el bando republicano, avisa de que los alemanes poseen una nueva y terrorífica arma; una arma devastadora, cuyo creador, un científico judío, asegura que puede acabar con una sola explosión con todas las tropas acantonadas al sur de Inglaterra. El Alto Mando aliado se muestra escéptico. Pero no es momento de correr riesgos innecesarios y, ante la remota posibilidad, Winston Churchill organiza una misión de comandos. Dirigida por un atípico coronel estadounidense, y formada por hombres desahuciados, deberá adentrarse en la Alemania nazi y encontrar y acabar con la amenaza del físico judío y su bomba. El Día D se acerca, y nada ni nadie debe advertir el planeado asalto final a la fortaleza europea de Adolf Hitler.",https://ww3.lectulandia.com/book/proyecto-moises/,belico,2026-09-01,https://assets.lectulandia.com/b/ab/Inaki%20Biggi/Proyecto%20Moises%20(4)/small.jpg
Ocho hacia la eternidad,Cecil Roberts,Bélico; Novela; Realista,,"La obra de Cecil Roberts entronca en las fórmulas más características de la narrativa británica de entreguerras. Cosmopolita, irónico, hábil observador de la alta burguesía inglesa, Roberts reflejó un mundo y una escala de valores que definían la Inglaterra de los años veinte. Estación Victoria a las 4,30 , su primer gran éxito, supuso un logrado intento de adaptar a la novela tradicional las técnicas de montaje popularizadas por la narrativa norteamericana de la “Generación Perdida"". Ocho hacia la eternidad es también una novela de personaje colectivo. Ocho hombres entrecruzan sus vidas en torno a la vieja abadía de Monte Cassino, ocho personajes perfectamente definidos, diversos, contradictorios, vinculados por un encuentro casual o por su dramática andadura hacia la muerte.",https://ww3.lectulandia.com/book/ocho-hacia-la-eternidad/,belico,2026-09-01,https://assets.lectulandia.com/b/ab/Cecil%20Roberts/Ocho%20hacia%20la%20eternidad%20(3)/small.jpg
Vuelo nocturno a París,David Gilman,Bélico; Intriga; Novela,,"Corre el año 1943. La esvástica sobrevuela París desde lo alto de la torre Eiffel. Soldados vestidos de gris patrullan las calles. Los edificios han sido renombrados; los libros, prohibidos; el arte, robado... y la gente desaparece. En realidad, la capital francesa está en guerra consigo misma. Informadores, maquis, colaboradores y resistentes se vigilan entre ellos tanto como a los alemanes. Y estos útlimos son los primeros traidores: La Gestapo y la Abwehr están enfrascadas en su propia batalla interna para liderar la invasión. Entretanto, el Ejecutivo de Operaciones Especiales de Gran Bretaña trata de averiguar qué ha ocurrido con la célula enviada a la ciudad y, para ello, reclutan a Harry Mitchell, que se ve obligado a volver a la ciudad de la que huyó hace dos años, dejando atrás a su mujer y a su hija. Mitchell sabe que París está ocupada y que cada paso que lo acerca a ella es un paso más cerca de una trampa segura. Conoce los riesgos, pero tiene buenas razones para arriesgar la vida. Aun así, regresar a París es una sentencia de muerte.",https://ww3.lectulandia.com/book/vuelo-nocturno-a-paris/,belico,2026-09-01,https://assets.lectulandia.com/b/ab/David%20Gilman/Vuelo%20nocturno%20a%20Paris%20(5)/small.jpg
Los cazadores,James Salter,Bélico; Novela,,"Famoso por su prosa depurada, sus palabras precisas y sus silencios expresivos, que alcanzan elevadas cotas de fulgor en novelas imperecederas como Años luz o Todo lo que hay, James Salter es sin duda uno de los grandes escritores estadounidenses. Militar de profesión, abandonó pronto el ejército para dedicarse a su carrera literaria, que inició con Los cazadores , publicada por entregas en 1956 y revisada con escrupulosidad por el propio autor casi medio siglo después de su aparición. Una novela que alberga las vivencias de los tres años de Salter como piloto de combate en la guerra de Corea y contiene algunas de las páginas más eminentes jamás escritas sobre la experiencia de volar. A su llegada a la base aérea de Kimpo, el capitán Cleve Connell se hace la firme promesa de acceder a la élite de los pilotos de combate que han derribado más de cinco cazas coreanos. Sin embargo, en paralelo a la fiera contienda aérea se desarrolla un solapado conflicto en tierra entre los propios aviadores, mientras los sucesivos fracasos de Connell contrastan con los éxitos de sus colegas y ponen en entredicho su destreza y valor. Hasta que un día, suspendido en la inmensidad del cosmos sobre el río Yalu y consciente de su insignificancia, Connell comprende por fin que sólo alcanza el triunfo quien es capaz de identificar a su enemigo y vencerlo, sea cual sea su bando. Incluso si ese rival es uno mismo. Comparado con Antoine de Saint-Exupéry por las escenas de combate en los cielos, Salter trasciende con creces el género bélico gracias a los símiles entre las luminosas descripciones del paisaje y la tensión emocional de los protagonistas; y convierte así esta travesía por el alma de Cleve Connell en una extraordinaria variación del deseo de gloria enfrentado al espejo de la muerte.",https://ww3.lectulandia.com/book/los-cazadores/,belico,2026-09-01,https://assets.lectulandia.com/b/ab/James%20Salter/Los%20cazadores%20(7)/small.jpg
Morir de azul,Ramón Peñacoba,Bélico; Novela,,"«El infierno no es rojo y de fuego; es blanco y helado y está en Rusia, está en el frente de Leningrado». Los voluntarios españoles de la División Azul escribieron una página poco conocida del siglo XX, donde hasta 45 000 españoles, en varios relevos, combatieron junto al ejército alemán. Nos situamos en la Segunda Guerra Mundial, en el frente del este, en febrero de 1943. Los personajes de esta novela se ven aislados, y poco después su posición es destruida por el enemigo. La línea del frente se ha desplazado muy lejos de ellos y tienen que emprender una larga retirada. Deben combatir no solo al enemigo, sino al hambre y el frío y las disensiones entre ellos; las desigualdades sociales de la España de entonces se han trasladado hasta aquí. Julio es el oficial recién llegado y sin experiencia de combate, y tomará decisiones equivocadas que van a costar muchas vidas. Julio Quiroga fue el señorito en el cortijo allá en la patria, y Pedro Almeda fue jornalero suyo. p { margin-bottom: 0.25cm; line-height: 115%; background: transparent }a:link { color: #000080; so-language: zxx; text-decoration: underline }",https://ww3.lectulandia.com/book/morir-de-azul/,belico,2026-09-01,https://assets.lectulandia.com/b/ab/Ramon%20Penacoba/Morir%20de%20azul%20(1)/small.jpg
"Tiempo para amar, tiempo para morir",Erich Maria Remarque,Bélico; Drama; Novela,,"Ernst, un soldado alemán, con tres semanas de licencia, que procedía del frente oriental en los meses que siguieron al sitio de Stalingrado, sólo desea volver a su ciudad natal, a la que imaginaba libre de los horrores de una guerra de la que estaba cansado; sólo deseaba volver a la paz de su casa, para poder pensar y tratar de comprender. No podía imaginar cómo hallaría la ciudad, ni que encontraría a Elisabeth. En los escasos días que dura su licencia, Ernst y Elisabeth consiguen recrear la comunión, la alegría y los hábitos domésticos de un matrimonio. Y como todos los verdaderos amantes, logran establecer, entre el pasado muerto y el futuro indescifrable, un presente de éxtasis infinitó. Sin novedad en el frente —del mismo autor— es el relato de unos hombres que se hacen soldados. Tiempo para amar, tiempo para morir , el de unos soldados que vuelven a ser hombres.",https://ww3.lectulandia.com/book/tiempo-para-amar-tiempo-para-morir/,belico,2026-09-01,https://assets.lectulandia.com/b/ab/Erich%20Maria%20Remarque/Tiempo%20para%20amar%20tiempo%20para%20morir%20(12)/small.jpg
Flashman y los pieles rojas,George MacDonald Fraser,Aventuras; Bélico; Humor; Novela,Harry Flashman,"Continuación de «Flashman va al Oeste», esta nueva aventura del canalla más encantador del Imperio británico nos ofrece una original visión de uno de los grandes acontecimientos de la historia: la famosa batalla de Little Big Horn. El salvaje Oeste y la batalla de Little Big Horn es uno de los escenarios ideales para que un personaje como Flashman desarrolle sus mejores artes: el engaño, la traición, el juego sucio… En esta novela tiene ocasión de demostrar hasta qué extremos es capaz de llegar con tal de salvar el pellejo. Y la sátira que hace MacDonald Fraser tanto de los indios como de los soldados y políticos americanos no deja títere con cabeza. Flashman tiene el extravagante talento de encontrarse siempre en el lugar inadecuado en el momento más inoportuno, y en esta ocasión el ataque de Toro Sentado y sus secuaces le sorprende a medio camino entre las tropas del Séptimo de Caballería y las hordas de sus amigos pieles rojas. Cuando la situación parece más comprometida, el ingenio y la innata capacidad de Flashy para salvar el pellejo en el último momento da un giro inesperado a los acontecimientos.",https://ww3.lectulandia.com/book/flashman-y-los-pieles-rojas/,belico,2026-09-01,https://assets.lectulandia.com/b/ab/George%20MacDonald%20Fraser/Flashman%20y%20los%20pieles%20rojas%20(9)/small.jpg
El galeón de Sint Maarten,Federico Supervielle Bergés,Aventuras; Bélico; Novela,El Albatros,"El tesoro más grande que esconden los mares ha aparecido. El único barco de guerra privado del mundo tendrá que protegerlo de una banda terrorista y una amalgama de actores en la que nada es lo que parece. La misión es demandante y Pablo necesitará lo mejor de cada uno de los suyos: un marino apartado del servicio, un veterano de operaciones especiales y un alocado piloto de helicópteros. Las tranquilas aguas caribeñas de San Martín serán testigo de la lucha a muerte por un tesoro de valor incalculable en la que buceadores, drones y el patrullero operarán al límite de sus capacidades. Ni siquiera los piratas habían amenazado la propia supervivencia del Albatros.",https://ww3.lectulandia.com/book/el-galeon-de-sint-maarten/,belico,2026-09-01,https://assets.lectulandia.com/b/ab/Federico%20Supervielle%20Berges/El%20galeon%20de%20Sint%20Maarten%20(3)/small.jpg
Tokyo Station,Martin Cruz Smith,Bélico; Intriga; Novela,,"Harry Niles, hijo de misioneros estadounidenses, ha vivido los años más decisivos de su vida en Japón. Conoce muy bien Oriente y Occidente y, desde muy joven, aprende que su posición de mediador entre dos culturas puede servirle para ganarse la vida. Confiando en su suerte consigue lo impensable en el Japón de antes del ataque a Pearl Harbor. La situación prebélica le obliga a tomar partido, aunque sólo él sabe de qué lado está.",https://ww3.lectulandia.com/book/tokyo-station/,belico,2026-09-01,https://assets.lectulandia.com/b/ab/Martin%20Cruz%20Smith/Tokyo%20Station%20(10)/small.jpg
El regreso,Erich Maria Remarque,Bélico; Novela,Trilogía de la Primera Guerra Mundial,"Cuando los libros de Erlch Maria Remarque fueron arrojados a la pira, en 1933, se hallaba entre ellos la novela titulada «El regreso». Por extrañas razones, estuvo agotada hasta mucho después de 1945, a pesar de que esta novela es ni más ni menos que la continuación de «Sin novedad en el frente». En efecto, la obra relata el camino de vuelta a casa, a la vida, a la patria, a la existencia civil, ese camino que hicieron, tras la derrota, miles y miles de personas hambrientas, cansadas, extenuadas, pero contentas de haber podido escapar del infierno.",https://ww3.lectulandia.com/book/el-regreso-erich-maria-remarque/,belico,2026-09-01,https://assets.lectulandia.com/b/ab/Erich%20Maria%20Remarque/El%20regreso%20(9)/small.jpg
El desertor,Siegfried Lenz,Bélico; Novela,,"Es el último verano de la guerra. El soldado Walter Proska es asignado a una unidad de la Wehrmacht destinada a asegurar una línea de tren en el frente oriental. Ocultos en un bosque, en medio del calor abrasador, desgastados por los ataques de los mosquitos, Proska y sus camaradas se ven sometidos a las órdenes del sargento al mando. Los soldados tratan de aislarse: uno entabla una batalla perdida contra un enorme lucio, otros pierden la cabeza y se abisman en la desesperación, otro se aficiona a abrazar los árboles y otro se hace amigo de una gallina. Y Proska empieza a hacerse preguntas: ¿Qué es más importante, el deber o la conciencia? ¿Quién es el verdadero enemigo? ¿Puede uno actuar sin ser culpable? Y, sobre todo, ¿dónde está Wanda, la partisana polaca que no se le va de la cabeza?",https://ww3.lectulandia.com/book/el-desertor-siegfried-lenz/,belico,2026-09-01,https://assets.lectulandia.com/b/ab/Siegfried%20Lenz/El%20desertor%20(3)/small.jpg
Alibi Club,Francine Mathews,Bélico; Intriga; Novela,,"El americano Stilwell ha muerto y el secreto que protegía pasa a ser custodiado por Sally, Joe, Memphis e Irene, que se jugarán la vida para ocultar un arma terrorífica de las codiciosas manos de los nazis que ocupan París… Épica y aun así íntima, es una mezcla sin fisuras de hechos reales y ficción basada en un episodio poco conocido de la guerra. Alibi Club es una obra se suspense compleja e implacable, escrita por una autora cuyo pasado en el mundo del espionaje le da una vida única. Es el local nocturno más infame de la ciudad, un caldo de cultivo en ebullición para los acuerdos turbios y el libertinaje. La muerte sórdida de Philip Stilwell tiene una onda expansiva tremenda en el Alibi Club… porque hay algo más en la prematura muerte de Stilwell que un simple juego sexual que se les ha ido de las manos. Su asesinato y el intento desesperado de evitar que un arma letal caiga en manos de los alemanes serán los cabos que acabarán urdiendo una trama complicada de traición, pasión y espionaje, relacionada con el Alibi Club… y el secreto más explosivo de la guerra. Mientras los alemanes marchan sobre París y la crisis continúa su escalada, cuatro personajes extraordinarios se ven arrastrados a un torbellino. Su valor cambiará el curso de la historia.",https://ww3.lectulandia.com/book/alibi-club/,belico,2026-09-01,https://assets.lectulandia.com/b/ab/Francine%20Mathews/Alibi%20Club%20(1)/small.jpg
El asedio de Troya,Theodor Kallifatides,Bélico; Novela; Otros,,"En este recuento perspicaz de La Ilíada, una joven maestra griega recurre al poder duradero del mito para ayudar a sus estudiantes a sobrellevar los terrores de la ocupación nazi. Las bombas caen sobre un pueblo griego durante la Segunda Guerra Mundial, y una maestra lleva a sus alumnos a una cueva para refugiarse. Allí les cuenta sobre otra guerra, cuando los griegos sitiaron a Troya. Día tras día, cuenta cómo los griegos sufren de sed, calor y nostalgia, y cómo se enfrentan los oponentes: ejército contra ejército, hombre contra hombre. Los cascos se cortan, las cabezas vuelan, la sangre fluye. Ahora son otros los que invaden Grecia, el ejército de la Alemania nazi. Pero los horrores son los mismos miles de años después. Theodor Kallifatides proporciona una notable visión psicológica en su versión moderna de La Ilíada, minimizando el papel de los dioses y profundizando en la mentalidad de sus héroes mortales. La epopeya de Homero cobra vida con una urgencia renovada que nos permite experimentar los eventos como si fueran de primera mano, y revela verdades eternas sobre la insensatez de la guerra y lo que significa ser humano.",https://ww3.lectulandia.com/book/el-asedio-de-troya/,belico,2026-09-01,https://assets.lectulandia.com/b/ab/Theodor%20Kallifatides/El%20asedio%20de%20Troya%20(3)/small.jpg
Las colinas de la ira,Leon Uris,Bélico; Novela,,"El escritor Mike Morrison llega a Grecia cuando se produce la invasión nazi. Enseguida se convierte en la presa de un complejo y peligroso juego de espionaje. Mike Morrison viaja a Grecia después de la muerte de su mujer. Su intención es cobrar una herencia y hacer el duelo de la pérdida. Pero los tiempos no se prestan al dolor individual. Se ha desatado la Segunda guerra mundial y las tropas alemanas invaden el país antes de que Morrison pueda salir. Enseguida se ve atrapado en un juego de caza del ratón donde intervienen la Gestapo, espías británicos y la resistencia griega. En un mundo de peligros y muerte, debe aprender rápidamente en quién confiar y a quien amar.",https://ww3.lectulandia.com/book/las-colinas-de-la-ira/,belico,2026-09-01,https://assets.lectulandia.com/b/ab/Leon%20Uris/Las%20colinas%20de%20la%20ira%20(10)/small.jpg
Mensaje de Nam,Danielle Steel,Bélico; Histórico; Novela; Romántico,,"El asesinato del presidente Kennedy y los acontecimientos subsiguientes irrumpen con violencia en la vida de Paxton Andrews, una joven de Georgia marcada por la trágica pérdida de sus seres más queridos: su padre, cuando apenas era una niña, y su novio Peter. La insoportable angustia que ha de sufrir tras la muerte de este, a los pocos días de llegar a su destino en Vietnam, la reafirma en su idea de viajar a aquel país para desarrollar su carrera como periodista y trata de comprender la desaparición de Peter. A partir de aquí su vida toma un nuevo rumbo; todas las cosas adquieren un nuevo sentido que transforma a aquella joven en una mujer adulta capaz de resistir los estragos más terribles de una guerra.",https://ww3.lectulandia.com/book/mensaje-de-nam/,belico,2026-09-01,https://assets.lectulandia.com/b/ab/Danielle%20Steel/Mensaje%20de%20Nam%20(63)/small.jpg
Años de guerra,Vasili Grossman,Bélico; Crónica; Historia; Novela,,"Vasili Grossman fue corresponsal de guerra en primera línea de fuego con el ejército soviético durante toda la Segunda Guerra Mundial. Nadie como el autor de la memorable novela Vida y destino supo plasmar el impresionante fresco de la batalla de Stalingrado, cuando la perla del Volga padeció la feroz ofensiva de los ejércitos alemanes, el avance inexorable de las tropas soviéticas hasta las puertas de Berlín o los horrores de Treblinka, de los que Grossman fue el primero en dar testimonio en una crónica que fue citada en el Tribunal de Núremberg. Grossman no fue un observador desapasionado de lo que él mismo llamaba «la verdad despiadada de la guerra». El ritmo trepidante de su pulso narrativo transporta al lector a los combates calle por calle, casa por casa, bajo un incesante fuego de artillería, y también a las historias humanas, a esos destellos de humanidad que perviven incluso bajo las bombas. Años de guerra reúne los textos de Vasili Grossman escritos durante la guerra: la magnífica novela El pueblo es inmortal , publicada por entregas durante el verano de 1942 y distinguida con el premio Stalin, el sobrecogedor relato «El viejo profesor» o sus crónicas desde el frente. Publicado íntegramente por vez primera en España, Años de guerra conforma un todo de un valor excepcional sobre uno de los escritores que mejor supo pulsar el rumbo de la historia contemporánea.",https://ww3.lectulandia.com/book/anos-de-guerra/,belico,2026-09-01,https://assets.lectulandia.com/b/ab/Vasili%20Grossman/Anos%20de%20guerra%20(8)/small.jpg
El fuego,Henri Barbusse,Bélico; Novela,,"El fuego , una de las novelas antibelicistas más notables de la historia de la literatura, es fruto de la experiencia personal del poeta, novelista y soldado de infantería en la Gran Guerra, Henri Barbusse. Galardonada con el Premio Goncourt, la novela obtuvo un gran éxito en su época, convirtiendo a su autor en un personaje de gran popularidad. El fuego , redactada con una brutalidad desconcertante, narra las vicisitudes de un grupo de soldados que soportan una guerra que no desean y que nada tienen que ganar con ella. Tras El fuego , la obra de Barbusse estuvo guiada por motivos políticos y sociales. Fundador del movimiento y la revista Clarté (Claridad), su nombre estuvo vinculado a los intelectuales que reclamaban el fin de las guerras en un mundo más justo: Anatole France, Léon Blum, Francis Careo, Romain Rolland, Jules Romains, etc. En 1923 se afilió al Partido Comunista francés. Bolchevique contumaz, estalinista convencido, murió en un hospital moscovita en agosto de 1935. Una enorme muchedumbre acudió a recibir y acompañar el cadáver hasta el cementerio parisino del Père Lachaise.",https://ww3.lectulandia.com/book/el-fuego-henri-barbusse/,belico,2026-09-01,https://assets.lectulandia.com/b/ab/Henri%20Barbusse/El%20fuego%20(5)/small.jpg
En la línea de fuego,James Brabazon,Bélico; Intriga; Novela,,"Oficialmente, Max McLean no existe. El Gobierno Británico niega conocer nada de lo que hace para protegernos. Pero Max está perdiendo la fe en sus jefes y ellos en él, así que le han dado una última oportunidad para demostrarles que sigue siendo el hombre que necesitan: tendrá que acudir a una instalación militar para reunirse con un antiguo camarada. Allí se encontrará al hombre más valiente que ha conocido encerrado por su propia seguridad. Su amigo perdió la cordura durante una operación en África Occidental, dominado por el pánico más aterrador y solo consigue murmurar una palabra: «vienen». En la búsqueda del porqué, Max llegará a Sierra Leona con las palabras de su amigo resonando en los oídos, y se embarcará en una arriesgada misión que le hará dudar de todo aquello en lo que siempre había creído. Reporteros de guerra, agentes infiltrados, fuego cruzado: un apasionante thriller sobre la vida en el frente.",https://ww3.lectulandia.com/book/en-la-linea-de-fuego/,belico,2026-09-01,https://assets.lectulandia.com/b/ab/James%20Brabazon/En%20la%20linea%20de%20fuego%20(1)/small.jpg
El corsario del oro negro,Federico Supervielle Bergés,Aventuras; Bélico; Novela,El Albatros,"Un joven e impulsivo capitán. Un barco de guerra privado. Cómo proteger el transporte de crudo en unas aguas plagadas de piratas y bajo la amenaza del terrorismo yihadista. Robos, secuestros, asesinatos. Durante años, las aguas más peligrosas del mundo han sido las que bañan la costa del Golfo de Guinea. Cuando el país más rico de África quiere seguir vendiendo su crudo, solo una naviera se atreve a sacarlo de allí. Pero bajo una premisa: su propio barco de guerra protegerá la exportación. Absorto en su vida personal tras la victoria en Somalia, Pablo se ve arrastrado otra vez al Albatros, donde le espera una trama más oscura y frenética si cabe. Piratas, terroristas y un gobierno que no los quiere allí son solo algunos de los obstáculos que tendrá que vencer mientras busca venganza por las humillaciones del pasado.",https://ww3.lectulandia.com/book/el-corsario-del-oro-negro/,belico,2026-09-01,https://assets.lectulandia.com/b/ab/Federico%20Supervielle%20Berges/El%20corsario%20del%20oro%20negro%20(1)/small.jpg
El Albatros y los piratas de Galguduud,Federico Supervielle Bergés,Aventuras; Bélico; Novela,El Albatros,"Los campamentos piratas que salpican la costa de Somalia amenazan con secuestrar cualquier barco que se les acerque pero los países desarrollados no parecen capaces de hacer frente al problema. La industria energética mundial está al borde del colapso. ¿Podrá un hombre de negocios enfrentarse a los piratas? ¿Será capaz el fallido estado somalí de controlar su propia costa? Un joven marino gaditano, huyendo de sus pesadillas personales, es elegido para acabar con los enemigos del magnate, pero ni siquiera el Índico está lo suficientemente lejos de su pasado. A medida que se desarrollan los acontecimientos, se intuye una trama más compleja detrás de los ataques. Sin darse cuenta, Pablo se ve arrastrado al centro de una conspiración internacional en la que solo contará con la ayuda de su dotación y su barco: el Albatros.",https://ww3.lectulandia.com/book/el-albatros-y-los-piratas-de-galguduud/,belico,2026-09-01,https://assets.lectulandia.com/b/ab/Federico%20Supervielle%20Berges/El%20Albatros%20y%20los%20piratas%20de%20Galguduud%20(2)/small.jpg
El baile de las marionetas,Mercedes Guerrero,Aventuras; Bélico; Histórico; Novela,,"Una historia de amistad, de supervivencia, de personajes entrañables, de lealtades inquebrantables, amores imposibles y traiciones imperdonables. Afganistán, 2004. La doctora Edith Lombard, de Médicos Sin Fronteras, hace guardia en un hospital de Kabul. Al atender a una joven en quirófano advierte en su cuello algo que atrae su atención: un collar del que cuelga una perla de ámbar. Una perla que Edith reconoce enseguida, pues fue robada en su casa de Quebec dieciocho años antes, en un atraco en el que su madre falleció de un disparo. Una perla de la que su padre, Édouard Lombard, había contado que perteneció a la famosa Cámara de Ámbar de San Petersburgo, desparecida durante la II Guerra Mundial. Bilbao, 1937. Del puerto de Santurce está a punto de zarpar el Habana , que llevará a más de cuatro mil niños hasta la Unión Soviética, huyendo de la guerra civil que ahogaba el país. Allí, su historia, la historia de unos exiliados utilizados como marionetas por el gobierno de Stalin, se hilvanará con la de la perla de ámbar en un viaje de setenta años que desempolvará recuerdos que nadie quería que viesen la luz.",https://ww3.lectulandia.com/book/el-baile-de-las-marionetas/,belico,2026-09-01,https://assets.lectulandia.com/b/ab/Mercedes%20Guerrero/El%20baile%20de%20las%20marionetas%20(5)/small.jpg
Eran diez,Heinz G. Konsalik,Bélico; Intriga; Novela,,"Diez comandos alemanes reciben la orden de eliminar a Stalin. Se les da pasaportes, profesiones, nombres rusos y una historia rusa. Diez vidas nuevas que han de poner en juego de inmediato. Una noche, los lanzan en paracaídas sobre Moscú. Para cuatro de ellos, la aventura no dura más que unos pocos días. Su muerte alarma al sistema de información soviético. Los rusos averiguan cuál es el objetivo de la operación, pero no logran llegar a saber cuántos comandos hay involucrados. En ese momento, el general Radowski tiene una ocurrencia genial… Esta fascinante novela de guerra está basada en hechos extraídos de los archivos de la Wehrmacht alemana.",https://ww3.lectulandia.com/book/eran-diez/,belico,2026-09-01,https://assets.lectulandia.com/b/ab/Heinz%20G%20Konsalik/Eran%20diez%20(7)/small.jpg
Exocet,Jack Higgins,Bélico; Intriga; Novela,Tony Villiers,"La llamada guerra de las Malvinas en las australes aguas del Atlántico, sirvió, al menos, para demostrar que el peligro de las armas modernas, las consignas ultrasecretas de la telefonía, el entrecruce de los espías y las batallas navales supertecnificadas, no eran el resultado de unos imaginativos novelistas que, durante mucho tiempo, habían significado sus peligros en historias de ficción, plenas de aventuras. La trayectoria de aquel torpedo llamado Exocet, partiendo la cubierta de un acorazado en alta mar, dejó atónito al mundo entero que asistió a aquella escaramuza, con la ansiedad con que se sigue el avance de una gigantesca producción cinematográfica. En esta novela Jack Higgins regresa al episodio, bordando nuevamente las sutiles intrigas que pudieron intervenir en el desarrollo de aquel fugaz acontecimiento. Con la misma rapidez que se precipitaron los hechos, el relato nos sumerge en las peripecias que debe vivir el servicio de espionaje británico para neutralizar en Europa, los contactos múltiples del gobierno militar argentino, en su búsqueda de asistencia armamentista para el sostenimiento de la guerra con el Reino Unido. Cuando los emisarios del Cono Sur tocan a las puertas de sus habituales abastecedores, ya el servicio secreto inglés se ha puesto en marcha para desmantelar aquellas pretensiones. Una hermosa mujer es la renovada versión de Mata Hari, cuyos encantos deben servir para liquidar el peligro. Su ex marido, el mayor Tony Villiers, es simultáneamente el jefe de la operación, con poderes generales para adoptar decisiones, inclusive, políticas. Gabrielle, sigue las instrucciones de éste, pero surge el escollo de los sentimientos, nunca previstos ni siquiera en una novela. El andamiaje montado meticulosamente por el mayor Villiers amenaza con caer por tierra. Las lealtades se tambalean, el Imperio Británico es un corazón anhelante. La guerra prosigue, pero su desenlace queda aplazado, momentáneamente.",https://ww3.lectulandia.com/book/exocet/,belico,2026-09-01,https://assets.lectulandia.com/b/ab/Jack%20Higgins/Exocet%20(7)/small.jpg
Puerto secreto,Jack Higgins,Bélico; Intriga; Novela,Dougal Munro & Jack Carter,"En una oscura noche de Mayo de 1944, Craig Osbourne, agente secreto norteamericano, se encuentra flotando a la deriva en el mar, cerca de la costa de Bretaña. Cuando una lancha patrullera alemana surge en medio de la niebla, Craig que la guerra ha terminado para el. Pero al ser izado a bordo descubre, estupefacto, que el capitán alemán es un viejo conocido, compañero de sus días en Harvard… Así comienza este fascinante thriller ubicado en el escenario de la segunda guerra mundial.",https://ww3.lectulandia.com/book/puerto-secreto/,belico,2026-09-01,https://assets.lectulandia.com/b/ab/Jack%20Higgins/Puerto%20secreto%20(9)/small.jpg
La noche del zorro,Jack Higgins,Bélico; Intriga; Novela,Dougal Munro & Jack Carter,"En abril de 1944, pocas semanas antes del desembarco aliado en las playas de Normandía, una nave de reconocimiento inglesa es atacada y hundida por lanchas rápidas alemanas en el Canal de la Mancha. A bordo de la embarcación iba el coronel norteamericano Kelso, uno de los pocos hombres al corriente de los preparativos del Día D y los planes de Eisenhower. Kelso consigue salvarse en una balsa y las corrientes le llevan a la isla de Jersey, ocupada por fuerzas del Tercer Reich... Enterado del incidente, el Alto Mando aliado organiza una peligrosa misión de búsqueda, pues resulta imprescindible rescatar a Kelso con vida... o silenciarlo para siempre. De ello depende el éxito o el fracaso de la operación militar más vasta de la historia. Sólo hay un hombre capaz de encargarse de tan delicada misión: Harry Martineau, uno de los mejores agentes del servicio de inteligencia británico. Martineau, haciéndose pasar por oficial alemán y acompañado de una atractiva joven que conoce el terreno, se introduce en las líneas enemigas y llega a Jersey. Sin embargo, todo se complica con un hecho inesperado: la llegada a la isla de un doble del mariscal Rommel, enviado por el Zorro del Desierto para despistar a la Gestapo mientras él se reúne con los altos oficiales alemanes que conspiran para derrocar a Hitler. A partir de entonces los protagonistas se enfrentan a una serie de acontecimientos electrizantes, en su audaz tentativa de conducir a buen fin una misión de la cual depende el curso inmediato de la guerra... El indiscutible talento narrativo de Jack Higgins ha conseguido con La noche del zorro una extraordinaria novela de suspense y acción que mantiene en vilo al lector.",https://ww3.lectulandia.com/book/la-noche-del-zorro/,belico,2026-09-01,https://assets.lectulandia.com/b/ab/Jack%20Higgins/La%20noche%20del%20zorro%20(8)/small.jpg
El comisario,Sven Hassel,Aventuras; Bélico; Novela,Biblioteca Sven Hassel,"El Comisario conocía el secreto más importante de la guerra en Rusia. Él había escondido detrás de las líneas rusas oro soviético por valor de 30 millones de dólares, y Porta estaba resuelto a que su banda de soldados carcelarios obtuviese su parte. Por el oro enemigo estaban dispuestos a llevar la compañía a través del hielo y la sangre de las líneas soviéticas, a matar o morir, a luchar como bestias y a estafar, mentir y robar como los delincuentes en que se habían convertido. El señuelo del oro y las promesas del Comisario les enzarzarán en las más sangrientas batallas de la guerra en el frente del Este.",https://ww3.lectulandia.com/book/el-comisario/,belico,2026-09-01,https://assets.lectulandia.com/b/ab/Sven%20Hassel/El%20comisario%20(4)/small.jpg
Prisión GPU,Sven Hassel,Aventuras; Bélico; Novela,Biblioteca Sven Hassel,"En esta ocasión nuestro autor, que sigue en el Frente del Este, junto con sus compañeros de aventuras llegan a una prisión soviética, liberando a los prisioneros, narrándoles estos las penurias y el trato recibido. El más extraño personaje de todos es sin duda alguna, el Stabsgefreiter Albert Mumbuto, por ser de raza negra. Antes que comenzara la Segunda Guerra Mundial en Alemania había unos 200 mil negros procedentes de las excolonias alemanas en África, las cuales les fueron quitadas a Alemania por el Tratado de Versalles. Algunos otros habitantes de raza negra procedían del Sarre, descendientes de miembros de la Legión Extranjera que vivieron en esa zona francesa que luego volvió a ser parte del territorio alemán.",https://ww3.lectulandia.com/book/prision-gpu/,belico,2026-09-01,https://assets.lectulandia.com/b/ab/Sven%20Hassel/Prision%20GPU%20(3)/small.jpg
El cuerpo humano,Paolo Giordano,Bélico; Drama; Novela,,"Del autor de La soledad de los números primos , una conmovedora novela de iniciación entre la juventud y la edad adulta: un relato que nos recuerda lo que significa ser humano. Situada en pleno desierto, rodeada de un inmenso mar de arena y castigada por una luz tan fulgurante que ciega la vista, la base avanzada de operaciones Ice se encuentra en un remoto y peligroso enclave de Afganistán. Hasta allí se traslada el último pelotón de voluntarios comandados por el subteniente Antonio René, un grupo de jóvenes inexpertos que se enfrentan a la primera gran prueba de sus vidas. En la base les espera el teniente médico Alessandro Egitto, quien ha decidido prolongar su servicio para escapar de unas circunstancias familiares para él más lacerantes que la guerra misma. Así, intentando acostumbrarse al calor, al aburrimiento, a la espera de enfrentarse a una amenaza sin rostro que por lejana y desconocida resulta casi irreal, los chicos se construyen una nueva existencia, traban nuevas amistades, afectos y rivalidades. Sin embargo, en el silencio absoluto de la noche, tumbados en sus jergones, cuando los recuerdos de sus vidas desfilan por su mente, solo oyen el latir de sus corazones, el rumor incesante del cuerpo humano. ---------------------------------- La crítica ha dicho: «Habilidad [...] gran equilibrio, credibilidad. Este segundo libro es un avance definitivo que demuestra la madurez adquirida desde su primera novela». Corriere della Sera «Una novela guiada con mano firme, cargada de meditadas sugerencias. Mucho más que la confirmación de un talento». La Stampa «Hace falta mucho valor para, cinco años después de un éxito arrollador, reaparecer con una novela que habla de la guerra, del dolor, de la traición. Pero El cuerpo humano dejará huella. Es un libro hermoso y valiente, cuyos protagonistas no son héroes ni quieren serlo, con personajes que se nos muestran en toda su fragilidad». Vanity Fair «Los personajes de Paolo Giordano padecen un trauma familiar que este autor desmenuza con rigor, armado con una sensibilidad quirúrgica y una escritura creíble tanto en las descripciones como en los diálogos. [...] páginas espléndidas, imprescindibles». La Stampa",https://ww3.lectulandia.com/book/el-cuerpo-humano/,belico,2026-09-01,https://assets.lectulandia.com/b/ab/Paolo%20Giordano/El%20cuerpo%20humano%20(1)/small.jpg
Hermanos de alma,David Diop,Bélico; Drama; Histórico; Novela,,"Alfa Ndiaye es senegalés y ha acabado combatiendo con el ejército francés en las trincheras de la Primera Guerra Mundial. En el mismo regimiento también lucha su amigo Mademba Diop, que es herido de gravedad en el frente. Cuando Mademba le pide que lo mate para evitar sufrimientos inútiles, Alfa se siente incapaz de cumplir su deseo. Ansioso por vengar la muerte de su compañero, cada noche se desliza con sigilo hacia las posiciones enemigas, elige a un soldado cuidándose de no ser descubierto, clava la mirada en sus ojos azules, lo mata infligiéndole la misma herida con que se desangró Mademba y después le corta una mano y se la lleva como trofeo. Noche tras noche repite este macabro ritual. Al principio sus compañeros lo miran con admiración, pero, mientras los combates se recrudecen y se produce algún motín sofocado sin contemplaciones por la oficialidad, empiezan a circular entre la soldadesca rumores de que Alfa no es un héroe sino un brujo, un devorador de almas… Escrita con una prosa hipnótica, esta desgarradora novela retrata el descenso a los infiernos de un joven soldado colonial en la Europa en guerra. Plasma el horror cotidiano de las trincheras, pero también evoca el mundo y los seres queridos que ha dejado atrás, e indaga en su identidad dividida. Una narración deslumbrante, sobrecogedora, inolvidable.",https://ww3.lectulandia.com/book/hermanos-de-alma/,belico,2026-09-01,https://assets.lectulandia.com/b/ab/David%20Diop/Hermanos%20de%20alma%20(1)/small.jpg
El general del ejercito muerto,Ismail Kadare,Bélico; Drama; Novela; Otros,,"Veinte años después de la derrota del ejército italiano en Albania, un general asume la misión de recuperar los cadáveres de sus compatriotas caídos allí en combate durante la Segunda Guerra Mundial. Entre ellos, los restos del emblemático coronel Z., por especial encargo de su aristocrática madre y de su muy atractiva viuda. En compañía de un capellán militar se traslada al vecino y accidentado país, y emprende la penosa labor de localizar, desenterrar y reunir los despojos de aquel ejército muerto. En el largo itinerario, que se prolonga durante meses, resucitarán las viejas historias, unas emotivas y otras crueles, de quienes fueron sus protagonistas directos, tanto muertos como vivos. El barro, la oscuridad, las inclemencias del tiempo y la mirada desconfiada de los aldeanos constituyen la atmósfera que envuelve a la pintoresca pareja. Una atmósfera que se va cargando por momentos, provocando tensiones reflexivas entre el general y el religioso sobre su cometido, la guerra, el amor, la vida y la muerte, hasta desentrañar el destino del coronel Z. El general del ejército muerto es una peculiar e inquietante novela de guerra en la que los protagonistas son los cadáveres y las tumbas, las ruinas y las antiguas heridas, los recuerdos y la amargura, los generales sin ejército. Kadaré combina la tragedia con un agudo humor sarcástico que le permite cuestionar no sólo las razones de lo bélico, las míseras aspiraciones que lo desencadenan y sus terribles resultados, sino también indagar en el carácter de sus compatriotas, en la idiosincrasia de su país. Aspecto que, unido al régimen comunista albanés, será materia recurrente del resto de su obra. El general del ejército muerto, la primera novela publicada por Ismaíl Kadaré, no sólo fue un éxito en su país natal, sino que también le catapultó a un lugar de privilegio en el panorama de la literatura internacional.",https://ww3.lectulandia.com/book/el-general-del-ejercito-muerto/,belico,2026-09-01,https://assets.lectulandia.com/b/ab/Ismail%20Kadare/El%20general%20del%20ejercito%20muerto%20(5)/small.jpg
Nada y así sea,Oriana Fallaci,Bélico; Histórico; Novela; Realista,,"Un día, una niña de apenas cinco años preguntó a su hermana, Oriana Fallaci, qué era la vida. La gran periodista y escritora italiana partía al día siguiente para el Vietnam, como corresponsal de guerra de un periódico de su país, y pensó que allí hallaría sin duda una respuesta válida tanto para ella como para su hermanita. Día a día, con la muerte constantemente al acecho, Oriana Fallaci vivió momentos terribles como los de Dak To, Hué, Cholon, la alucinante ofensiva del Tet y el asedio de Saigón. Pasajero de un avión en una misión de bombardeo con bombas napalm, y siempre soldado sin armas en un país en guerra civil pero sin frentes, la joven periodista conoció personajes como François Pelou, corresponsal francés a quien ella llamaba su buena conciencia; el general Nguyen Ngoc Loan, el hombre más cruel de Saigón, a quien todos vimos en la pequeña pantalla matar a un vietcong que tenía atadas las manos, y que más tarde lloraría en brazos de Oriana Fallaci; al extraño y aparentemente contradictorio general Cao Ky, primer ministro sudvietnamita, a soldados del Vietnam y de los Estados Unidos, a guerrilleros vietcong, y sobre todo el absurdo espectáculo de la guerra. Pero la respuesta que Oriana Fallaci buscaba para su hermana no la hallaría hasta el final, cuando, dejado el Vietnam, fue a México, también como corresponsal, para informar sobre la revuelta de los estudiantes que culminaría con los trágicos sucesos del 2 de octubre en los que Oriana Fallaci sería herida por una ráfaga de ametralladora. «NADA Y ASÍ SEA» las cuatro últimas palabras de una terrible plegaria nacida de la más profunda desesperación recoge todo lo que Oriana Fallaci vio y escuchó. De este diario ha nacido un apasionante relato que asume el perfil de una novela cuyos personajes son todos absolutamente reales y en el cual la autora deja constancia de sus terrores, su piedad y su rabia. Brutal, desesperado, desbordante de humanidad y autenticidad, este libro es un acto de valor: una condena feroz y una invocación desgarradora para los hombres. «NADA Y ASÍ SEA» es un libro que irrita y seduce, pero en uno y otro caso es siempre aleccionador porque nos enseña algo que la Fallaci ha aprendido arriesgando: amar la vida.",https://ww3.lectulandia.com/book/nada-y-asi-sea/,belico,2026-09-01,https://assets.lectulandia.com/b/ab/Oriana%20Fallaci/Nada%20y%20asi%20sea%20(7)/small.jpg
El vuelo del Intruder,Stephen Coonts,Bélico; Novela,Jake Grafton,"En esta sensacional novela sobre pilotos navales en la guerra del Vietnam, el piloto veterano de A-6 Stephen Coonts logra captar como nadie el verdadero drama de los combates aéreos modernos. Con un extraordinario realismo, consigue situar al lector en la cabina de un A-6 para hacerle experimentar todas las sensaciones propias del momento: los lanzamientos desde la catapulta de un portaaviones, las carreras contra los misiles MIG y los traicioneros aterrizajes nocturnos con aparatos averiados.",https://ww3.lectulandia.com/book/el-vuelo-del-intruder/,belico,2026-09-01,https://assets.lectulandia.com/b/ab/Stephen%20Coonts/El%20vuelo%20del%20Intruder%20(1)/small.jpg
Operacion Valhalla,Harry Patterson,Bélico; Intriga; Novela,,"En la madrugada del 30 de abril de 1945, el radar ruso detectó la presencia de un avión ligero que despegaba en las cercanías del Tiergarten, en Berlín. Se trato de un hecho comprobado. Pero ¿quién iba a bordo y adónde se dirigía el avión? Berlín era un holocausto. Los rusos avanzaban implacablemente hacia el búnker de cemento en que tenían su último refugio los restos de la Administración nazi. En aquel alucinante infierno, un hombre se mantenía tranquilo y resuelto en todo lo que hacía: el Reichsleiter Martin Bormann, secretario y eminencia gris de Hitler. Muy lejos, a orillas del Inn, cinco prisioneros de guerra muy especiales consideraban su propio destino. ¿Serían liberados pronto por las fuerzas aliadas que avanzaban rápidamente, o serían liquidados, en un acto final de locura nazi? Bormann tenía sus propios planes para sacar partido a aquellos rehenes. Y para ayudarle a realizarlos mandó llamar al mayor de las SS, Karl Ritter, excelente soldado que había aprendido su oficio en el camino de la dureza y que era, al mismo tiempo, un alemán leal y un hombre de honor. Este libro es la posible respuesta a una pregunta que ha mantenido intrigado al mundo durante más de treinta años: ¿Qué se hizo de Martin Bormann?",https://ww3.lectulandia.com/book/operacion-valhalla/,belico,2026-09-01,https://assets.lectulandia.com/b/ab/Harry%20Patterson/Operacion%20Valhalla%20(1)/small.jpg
